id,first_name,last_name,email,gender,ip_address,animal,app
1,Sydney,Lidgerton,slidgerton0@paypal.com,Male,141.171.14.215,Eubalaena australis,edu.si.Tampflex
2,Yurik,Doward,ydoward1@addthis.com,Female,128.108.226.168,Tockus flavirostris,jp.ne.biglobe.Konklux
3,Binky,Nolder,bnolder2@princeton.edu,Male,39.127.32.221,Spermophilus lateralis,com.sogou.Prodder
4,Teresina,Edgehill,tedgehill3@infoseek.co.jp,Female,225.66.52.6,Tamandua tetradactyla,com.discovery.Vagram
5,Barry,Jansens,bjansens4@studiopress.com,Genderqueer,209.33.14.57,Macaca nemestrina,edu.stanford.Asoka
6,Kathleen,Zorzetti,kzorzetti5@goo.gl,Male,195.13.10.102,Phalaropus lobatus,com.taobao.Bigtax
7,Bartolemo,Sperwell,bsperwell6@so-net.ne.jp,Bigender,246.242.238.159,Lamprotornis nitens,jp.ne.hatena.Redhold
8,Jacquenette,Macauley,,,194.216.16.100,Erinaceus frontalis,com.imdb.It
9,Zed,Fort,zfort8@smugmug.com,Male,52.244.242.166,Zalophus californicus,ly.ow.Tresom
10,Vinnie,Pounsett,vpounsett9@slate.com,Female,242.197.246.168,Zonotrichia capensis,com.youtube.Y-Solowarm
11,Millisent,Schutze,,,91.71.11.52,Dusicyon thous,com.wired.Keylex
12,Trudey,Northeast,tnortheastb@blogtalkradio.com,Female,18.240.158.156,Cracticus nigroagularis,com.amazonaws.Otcom
13,Shanda,Caine,scainec@tumblr.com,Female,174.234.59.179,Morelia spilotes variegata,com.hao123.Zamit
14,Alwin,Ranby,aranbyd@moonfruit.com,Female,195.51.5.235,Castor canadensis,com.nba.Stringtough
15,Neda,Tupper,ntuppere@sourceforge.net,Non-binary,207.205.254.58,Proteles cristatus,com.icq.Konklux
16,Neville,Andrys,nandrysf@nih.gov,Female,247.242.223.38,Eurocephalus anguitimens,com.bluehost.Latlux
17,Nonie,Gobel,ngobelg@wikia.com,Male,14.204.96.52,unavailable,com.macromedia.Asoka
18,Otis,MacGahey,omacgaheyh@ftc.gov,Female,68.138.137.143,Marmota monax,com.mashable.Namfix
19,Corrinne,Letford,cletfordi@scribd.com,Female,82.245.105.137,Papio cynocephalus,com.biblegateway.Latlux
20,Orly,Marle,omarlej@slate.com,Agender,240.122.189.241,Fregata magnificans,com.sciencedirect.Stringtough
21,Guglielma,Housegoe,ghousegoek@ucsd.edu,Non-binary,163.0.212.171,Microcebus murinus,com.cisco.It
22,Penrod,Jakeway,pjakewayl@nyu.edu,Agender,162.184.72.62,Chauna torquata,com.hubpages.Tresom
23,Bartlet,Denty,bdentym@sina.com.cn,Male,134.92.64.166,Cervus canadensis,uk.co.guardian.Gembucket
24,Mitch,Martygin,mmartyginn@canalblog.com,Male,237.141.114.148,Macropus giganteus,jp.japanpost.Daltfresh
25,Livvyy,Riedel,lriedelo@netlog.com,Male,207.217.101.95,Ephippiorhynchus mycteria,ca.google.Greenlam
26,Sibley,Swatman,sswatmanp@nhs.uk,Female,155.144.137.21,Pycnonotus nigricans,edu.illinois.Sonsing
27,Illa,Gerhardt,,,70.137.217.36,Laniaurius atrococcineus,gov.whitehouse.Voltsillam
28,Sandor,Breache,sbreacher@wired.com,Female,129.110.236.100,Litrocranius walleri,com.nba.Lotstring
29,Danika,McGeachy,dmcgeachys@java.com,Genderfluid,119.211.238.77,Helogale undulata,com.list-manage.Stronghold
30,Clarey,Capeling,ccapelingt@fema.gov,Male,82.107.61.131,Lemur fulvus,com.businessweek.Y-Solowarm
31,Alex,Shayler,ashayleru@yahoo.com,Female,171.224.222.37,Fratercula corniculata,co.g.Kanlam
32,Lily,Niave,lniavev@ask.com,Male,31.115.76.24,Galictis vittata,com.hostgator.Sonsing
33,Forester,Blackborough,fblackboroughw@amazon.co.jp,Male,62.115.122.248,Dendrocygna viduata,org.edublogs.Bamity
34,Delila,Thomerson,dthomersonx@tinyurl.com,Male,157.42.112.211,Castor canadensis,gov.cdc.Kanlam
35,Clayborne,Nobbs,,,22.123.143.71,Felis libyca,jp.co.yahoo.Tempsoft
36,Quinta,Du Barry,qdubarryz@constantcontact.com,Male,154.50.217.75,Climacteris melanura,com.slate.Viva
37,Gabie,Muzzall,gmuzzall10@google.de,Female,227.92.174.58,Macropus fuliginosus,com.twitpic.Flexidy
38,Caron,Fairclough,cfairclough11@hud.gov,Female,1.146.158.29,Ramphastos tucanus,com.oakley.Zoolab
39,Justine,Armatidge,,,169.32.116.211,Dasyurus viverrinus,com.technorati.Opela
40,Mariska,Sammars,msammars13@facebook.com,Male,30.97.55.112,Aepyceros mylampus,gd.is.Home Ing
41,Millicent,Humphrys,mhumphrys14@baidu.com,Female,111.240.250.194,Bassariscus astutus,uk.ac.ox.Y-find
42,Verena,Clout,vclout15@si.edu,Female,174.51.136.79,Pseudalopex gymnocercus,com.twitpic.Y-find
43,Dionne,Gockelen,dgockelen16@tuttocitta.it,Male,21.159.22.9,Delphinus delphis,cn.gov.miitbeian.Holdlamis
44,Guinevere,Billing,gbilling17@51.la,Male,190.219.130.62,Vanellus chilensis,com.alexa.Konklux
45,Eyde,McJarrow,,,40.82.151.161,Bubo virginianus,com.deliciousdays.Fix San
46,Dena,Ricciardello,dricciardello19@auda.org.au,Female,213.101.174.18,Passer domesticus,org.un.Ventosanzap
47,Sawyer,Puller,spuller1a@ft.com,Male,23.108.150.245,Trichechus inunguis,gov.hud.Cookley
48,Gradeigh,Cullivan,gcullivan1b@mashable.com,Female,238.32.89.115,Otaria flavescens,de.spiegel.Ronstring
49,Harlene,Lown,,,161.16.105.10,Lepus arcticus,com.tripod.Transcof
50,Iseabal,Dorricott,idorricott1d@tripadvisor.com,Male,131.139.218.12,Columba livia,pl.google.Solarbreeze
51,Tracie,Elsworth,telsworth1e@macromedia.com,Male,15.97.229.122,Larus novaehollandiae,com.livejournal.Solarbreeze
52,Delphine,Stancer,dstancer1f@deliciousdays.com,Male,24.126.195.156,Prionace glauca,com.shinystat.Konklab
53,Wadsworth,Huyhton,whuyhton1g@ehow.com,Male,6.129.198.23,Gopherus agassizii,edu.princeton.Zathin
54,Trude,Kindall,,,206.70.139.97,Chamaelo sp.,com.howstuffworks.Stringtough
55,Terri,Persse,,,13.120.121.66,Sciurus vulgaris,com.surveymonkey.Bigtax
56,Zonda,Cartmel,,,41.237.54.67,Panthera pardus,com.hc360.Ronstring
57,Mahala,Schirak,,,168.207.141.229,Anthropoides paradisea,org.edublogs.Voltsillam
58,Elbertine,Papierz,epapierz1l@unesco.org,Female,85.203.43.106,Potamochoerus porcus,com.rediff.Zoolab
59,Chiarra,Shirer,cshirer1m@nsw.gov.au,Female,177.30.186.220,Dendrocitta vagabunda,com.examiner.Tresom
60,Georgette,Linacre,glinacre1n@craigslist.org,Female,180.23.63.73,Cereopsis novaehollandiae,com.taobao.Sonair
61,Velvet,Somers,vsomers1o@virginia.edu,Male,26.91.142.249,Cebus apella,com.indiatimes.Sub-Ex
62,Reine,Crabb,rcrabb1p@lycos.com,Male,35.217.167.168,Himantopus himantopus,cn.google.Bitwolf
63,Marsiella,D'Abbot-Doyle,,,225.195.167.161,Neotis denhami,com.cbsnews.Quo Lux
64,Hillel,Lippett,hlippett1r@ox.ac.uk,Bigender,132.102.27.159,Anitibyx armatus,com.surveymonkey.Fix San
65,August,O' Flaherty,aoflaherty1s@msu.edu,Female,36.81.139.203,Paroaria gularis,com.weebly.Zathin
66,Elinore,Croyden,ecroyden1t@edublogs.org,Female,91.136.44.45,Trichosurus vulpecula,com.latimes.Tempsoft
67,Maybelle,Waddilove,mwaddilove1u@theglobeandmail.com,Male,70.97.73.89,Acridotheres tristis,edu.upenn.Ronstring
68,Ewen,Barwack,ebarwack1v@google.fr,Genderfluid,128.12.228.70,Sylvicapra grimma,com.deliciousdays.Zathin
69,Bill,Makin,bmakin1w@w3.org,Male,149.37.236.102,Zosterops pallidus,com.wikispaces.Zathin
70,Marijn,McIlwraith,mmcilwraith1x@instagram.com,Female,112.71.37.255,Tachyglossus aculeatus,com.shareasale.Temp
71,Luis,Scorey,,,232.197.244.233,Nyctea scandiaca,es.google.Holdlamis
72,Geoffry,Russi,grussi1z@hc360.com,Female,254.114.52.156,Psophia viridis,com.cocolog-nifty.Y-find
73,Nananne,Dooly,ndooly20@businesswire.com,Female,3.146.76.209,Spheniscus magellanicus,com.nature.Zathin
74,Raffaello,Ivimey,rivimey21@webnode.com,Male,168.171.58.100,Phalacrocorax albiventer,la.51.Otcom
75,Farris,Souley,fsouley22@wufoo.com,Female,250.244.13.80,Lamprotornis nitens,com.friendfeed.Treeflex
76,Emlynn,Noblet,enoblet23@utexas.edu,Female,241.110.49.108,Cervus canadensis,cz.phoca.Sonair
77,Barnard,Mumford,bmumford24@miitbeian.gov.cn,Female,181.164.207.22,Lamprotornis nitens,com.omniture.Alpha
78,Alvera,Messum,amessum25@example.com,Male,179.68.14.21,Lama guanicoe,com.squarespace.Voyatouch
79,Maryrose,Michurin,mmichurin26@phoca.cz,Female,195.190.179.22,Bugeranus caruncalatus,com.huffingtonpost.Rank
80,Whitaker,Budget,wbudget27@usnews.com,Female,164.106.240.135,Dasypus novemcinctus,com.amazonaws.Viva
81,Pat,Alfonsini,palfonsini28@nymag.com,Female,167.164.121.82,Cynomys ludovicianus,fr.unblog.Y-Solowarm
82,Wilmar,Fishbie,wfishbie29@ted.com,Genderqueer,168.63.88.117,Felis silvestris lybica,com.1688.Domainer
83,Granger,Cunnington,gcunnington2a@ovh.net,Male,137.186.232.36,Herpestes javanicus,com.amazon.Redhold
84,Mead,Rockall,,,107.115.109.81,Acrantophis madagascariensis,com.omniture.Voltsillam
85,Marrissa,Biasetti,mbiasetti2c@mashable.com,Male,226.7.32.182,Ctenophorus ornatus,com.cisco.Konklux
86,Ransell,Collick,rcollick2d@twitter.com,Male,190.44.245.80,Bettongia penicillata,gov.ed.Andalax
87,Corbet,Sute,csute2e@ow.ly,Male,220.187.4.229,Dendrocitta vagabunda,net.cpanel.Toughjoyfax
88,Mitchel,Rowswell,mrowswell2f@chronoengine.com,Female,192.152.86.93,Varanus sp.,org.redcross.Matsoft
89,Bev,Han,bhan2g@last.fm,Female,141.207.154.108,Canis lupus,vu.de.Bigtax
90,Basia,Labitt,,,37.52.31.26,Carduelis uropygialis,net.slideshare.Subin
91,Erick,Batey,ebatey2i@forbes.com,Female,116.209.230.93,Lepus arcticus,com.shareasale.Biodex
92,Fanchette,Mathen,fmathen2j@unc.edu,Bigender,114.91.62.188,Lutra canadensis,com.newsvine.It
93,Tad,Ather,tather2k@gov.uk,Male,212.154.147.229,Callipepla gambelii,com.kickstarter.Stim
94,Fran,Kinnock,,,144.26.91.59,Felis concolor,it.tuttocitta.Bitwolf
95,Daryl,Cawt,dcawt2m@php.net,Female,245.16.251.238,Cercopithecus aethiops,fr.unblog.Opela
96,Toni,Olivey,tolivey2n@biblegateway.com,Female,120.238.7.4,Anthropoides paradisea,com.webnode.Daltfresh
97,Hurleigh,Stonall,hstonall2o@cbsnews.com,Male,141.75.44.104,Haematopus ater,edu.ucla.Cardguard
98,Paco,Drummer,pdrummer2p@zimbio.com,Male,232.63.253.37,Naja haje,com.tripod.Transcof
99,Jenifer,Capes,,,194.15.235.28,Panthera onca,com.bravesites.Vagram
100,Alex,Bazire,abazire2r@illinois.edu,Female,180.92.43.223,Zalophus californicus,net.themeforest.Bitwolf
101,Sharity,Shoebottom,sshoebottom2s@wunderground.com,Male,80.91.234.87,Threskionis aethiopicus,com.wired.Biodex
102,Rowen,Morby,rmorby2t@state.gov,Male,123.245.230.187,Haliaetus vocifer,com.bravesites.Sonair
103,Gusella,Pudney,gpudney2u@phpbb.com,Genderqueer,82.253.73.214,Uraeginthus granatina,gov.hhs.Latlux
104,Bobbie,Josskoviz,bjosskoviz2v@unesco.org,Female,189.154.40.199,Trichosurus vulpecula,uk.co.guardian.Stim
105,Madelene,Rathke,mrathke2w@marriott.com,Female,247.57.37.129,Anas bahamensis,fm.last.Vagram
106,Chaim,Bompas,cbompas2x@hubpages.com,Male,231.135.255.50,Haliaetus vocifer,com.amazon.Job
107,Egbert,Vaneschi,,,241.69.53.224,Felis wiedi or Leopardus weidi,com.squarespace.Vagram
108,Catharina,Stimpson,cstimpson2z@abc.net.au,Female,200.145.117.174,Phasianus colchicus,com.merriam-webster.Matsoft
109,Harrie,Vela,hvela30@smh.com.au,Male,123.249.170.129,Eutamias minimus,com.eventbrite.Subin
110,Emmaline,Wogan,ewogan31@blogger.com,Female,80.218.92.230,Anthropoides paradisea,com.vistaprint.Lotlux
111,Levey,Chander,lchander32@hugedomains.com,Male,108.67.122.93,Macaca fuscata,com.patch.Redhold
112,Rebecka,Slark,,,28.112.235.56,Anser anser,com.elpais.Ventosanzap
113,Katy,Klimes,kklimes34@amazon.de,Polygender,181.97.46.110,Acinynox jubatus,gov.ca.Rank
114,Aurelia,Smither,asmither35@yellowpages.com,Male,173.177.35.44,Castor fiber,org.wikimedia.Fixflex
115,Louisette,Boutton,lboutton36@cafepress.com,Bigender,15.35.245.118,Felis libyca,jp.ameblo.Y-Solowarm
116,Cob,Burling,cburling37@amazon.de,Male,108.241.51.122,Corvus brachyrhynchos,com.nature.Job
117,Marco,Goncalo,mgoncalo38@archive.org,Male,74.167.104.61,Irania gutteralis,com.hugedomains.Overhold
118,Adolphe,Nisuis,anisuis39@prweb.com,Female,122.87.67.175,Scolopax minor,cn.com.sina.Otcom
119,Cass,Abramzon,,,112.114.89.92,Echimys chrysurus,com.disqus.Ventosanzap
120,Mycah,Shorey,mshorey3b@theatlantic.com,Female,35.11.44.204,Felis caracal,net.furl.Andalax
121,Cassie,Crehan,ccrehan3c@4shared.com,Genderqueer,103.95.245.19,Ammospermophilus nelsoni,com.mozilla.Fix San
122,Jackquelin,McLenaghan,jmclenaghan3d@cnn.com,Female,87.147.181.139,Semnopithecus entellus,uk.nhs.Tampflex
123,Sampson,Coldham,scoldham3e@wp.com,Male,100.255.174.180,Orcinus orca,com.apple.Stringtough
124,Arch,Iverson,aiverson3f@disqus.com,Genderfluid,72.217.159.1,Iguana iguana,pl.google.Asoka
125,Ferdie,Dungee,fdungee3g@rediff.com,Female,88.142.186.183,Larus fuliginosus,com.reuters.Tampflex
126,Marys,Ellph,,,239.145.112.189,Coracias caudata,com.arstechnica.Ventosanzap
127,Amargo,Kearn,akearn3i@ted.com,Female,133.247.94.165,Ephippiorhynchus mycteria,edu.utexas.Tempsoft
128,Adelice,Cartmell,acartmell3j@imageshack.us,Male,39.19.0.110,Aonyx cinerea,com.scientificamerican.Zoolab
129,Yancey,Uridge,,,84.233.86.123,Melursus ursinus,com.skype.Redhold
130,Wilhelm,Simenot,wsimenot3l@ocn.ne.jp,Male,13.250.216.154,Morelia spilotes variegata,com.salon.Overhold
131,Moreen,Webley,,,56.45.251.74,unavailable,it.tuttocitta.Job
132,Caria,Munnery,cmunnery3n@bing.com,Female,111.206.234.18,Vulpes chama,com.foxnews.Lotlux
133,Adara,Wixey,awixey3o@t-online.de,Male,161.236.133.38,Actophilornis africanus,com.hc360.Subin
134,Sammie,Gookes,sgookes3p@amazon.co.uk,Male,5.178.20.236,Sarcorhamphus papa,com.hugedomains.Alpha
135,Venita,Brayson,vbrayson3q@bizjournals.com,Female,1.175.77.28,Lophoaetus occipitalis,edu.harvard.Fintone
136,Spencer,Skacel,sskacel3r@cmu.edu,Female,228.112.180.196,Cygnus atratus,us.icio.Toughjoyfax
137,Leeland,Milberry,lmilberry3s@twitpic.com,Male,139.11.163.199,Eumetopias jubatus,com.vk.Veribet
138,Francklin,Glavias,fglavias3t@wordpress.org,Female,194.224.84.165,Panthera leo,com.ibm.Asoka
139,Loralee,Eliet,leliet3u@livejournal.com,Male,86.84.18.74,Gabianus pacificus,edu.cmu.Zontrax
140,Justina,Dudden,jdudden3v@mlb.com,Female,37.75.106.106,Falco mexicanus,gov.loc.Konklux
141,Matti,Weeks,mweeks3w@bing.com,Male,49.218.188.214,Corvus albus,net.seesaa.Zontrax
142,Daffie,Rapo,drapo3x@epa.gov,Male,248.96.103.155,Larus dominicanus,com.cloudflare.Fix San
143,Damien,Rowly,drowly3y@sogou.com,Female,125.115.76.32,unavailable,com.twitpic.Prodder
144,Lishe,Roderigo,lroderigo3z@domainmarket.com,Female,66.175.173.5,Stercorarius longicausus,com.reverbnation.Flowdesk
145,Tanney,Andreasson,tandreasson40@xrea.com,Male,83.30.1.17,Hippopotamus amphibius,com.typepad.Stronghold
146,Ursulina,Kauschke,ukauschke41@merriam-webster.com,Female,178.159.237.48,Chelodina longicollis,com.newsvine.Bitwolf
147,Kalindi,Ohrt,kohrt42@sfgate.com,Non-binary,125.58.160.241,Microcebus murinus,com.domainmarket.Flexidy
148,Israel,Lovel,ilovel43@4shared.com,Female,239.222.244.92,Ephippiorhynchus mycteria,com.addtoany.Namfix
149,Marco,Ismirnioglou,,,252.122.241.201,Varanus sp.,com.sitemeter.Wrapsafe
150,Cordey,Tooze,ctooze45@livejournal.com,Female,189.164.102.219,Odocoileus hemionus,edu.virginia.Bytecard
151,Tamqrah,Wardhaw,twardhaw46@parallels.com,Male,36.166.66.4,Zosterops pallidus,com.xing.Ventosanzap
152,Arny,Mainson,amainson47@free.fr,Male,201.238.218.97,Vulpes chama,com.feedburner.Cardguard
153,Bil,O'Kinedy,bokinedy48@ifeng.com,Male,141.49.245.94,Theropithecus gelada,org.joomla.Quo Lux
154,Arabella,Bulgen,abulgen49@twitpic.com,Female,184.40.175.68,Mustela nigripes,au.gov.oaic.Duobam
155,Bartholemy,Crocken,bcrocken4a@ocn.ne.jp,Female,65.82.10.55,Martes americana,de.e-recht24.Aerified
156,Ericka,Howgate,ehowgate4b@example.com,Male,88.95.103.235,Buteo jamaicensis,com.blinklist.Lotlux
157,Dominik,Westraw,dwestraw4c@jugem.jp,Female,30.134.214.109,Laniaurius atrococcineus,es.google.Opela
158,Catha,Walsham,cwalsham4d@usda.gov,Male,238.191.0.179,Streptopelia senegalensis,com.foxnews.Cardguard
159,Celine,Chillistone,cchillistone4e@nih.gov,Male,29.52.16.123,Trichoglossus chlorolepidotus,com.com.Stringtough
160,Yolanthe,Chardin,ychardin4f@webeden.co.uk,Female,184.36.217.138,Pteropus rufus,com.latimes.Bitwolf
161,Salvador,Dexter,,,189.87.4.218,Phoca vitulina,com.photobucket.Greenlam
162,Levey,Jobern,ljobern4h@rambler.ru,Genderfluid,127.172.180.127,Dasyurus maculatus,com.biblegateway.Stringtough
163,Janeczka,Dibden,jdibden4i@netlog.com,Genderqueer,189.201.143.23,Centrocercus urophasianus,com.theglobeandmail.Trippledex
164,Dulcia,Sivills,dsivills4j@artisteer.com,Male,216.27.70.223,Pycnonotus barbatus,jp.japanpost.Tres-Zap
165,Olwen,Iffe,oiffe4k@mapy.cz,Female,209.200.140.200,Cochlearius cochlearius,edu.illinois.Stringtough
166,Ettie,Tolliday,,,51.69.187.12,Stercorarius longicausus,jp.co.yahoo.Asoka
167,Ole,Milliken,omilliken4m@mapquest.com,Female,213.125.12.26,Nyctanassa violacea,com.cdbaby.Cardguard
168,Jerrie,Dunsmuir,,,42.196.39.190,Pteropus rufus,cn.google.Bitwolf
169,Mathias,Witherdon,mwitherdon4o@uol.com.br,Male,51.96.68.103,Spermophilus tridecemlineatus,gov.epa.Zoolab
170,Jodi,Cowperthwaite,jcowperthwaite4p@studiopress.com,Female,216.82.62.175,Macropus fuliginosus,edu.princeton.Lotstring
171,Anetta,Wearne,,,147.179.84.225,Cacatua galerita,net.sourceforge.Lotlux
172,Jonathan,Moneti,jmoneti4r@apache.org,Female,194.240.121.98,Deroptyus accipitrinus,gov.nasa.Flowdesk
173,Leontyne,Feares,lfeares4s@hubpages.com,Male,74.143.199.228,Macropus eugenii,org.unesco.Konklux
174,Shae,Fludder,sfludder4t@twitter.com,Male,57.228.117.202,Plocepasser mahali,us.icio.Ronstring
175,Anastassia,Pinar,apinar4u@umich.edu,Genderqueer,216.250.172.157,Oncorhynchus nerka,edu.cornell.Aerified
176,Pia,Ruskin,,,71.120.242.143,Helogale undulata,com.sbwire.Bigtax
177,Valentina,McMonies,vmcmonies4w@hostgator.com,Female,76.49.74.33,Varanus komodensis,edu.harvard.Regrant
178,Ludovico,Laughnan,llaughnan4x@deliciousdays.com,Non-binary,231.158.147.87,Tringa glareola,com.squidoo.Job
179,Salomi,Hinz,shinz4y@php.net,Female,198.112.67.65,Deroptyus accipitrinus,jp.ne.sakura.Voltsillam
180,Adrea,Younglove,ayounglove4z@deviantart.com,Male,203.96.53.110,unavailable,com.list-manage.Redhold
181,Marrilee,Carlett,mcarlett50@chronoengine.com,Female,140.190.213.117,Petaurus breviceps,uk.co.telegraph.Tres-Zap
182,Zechariah,Pollok,zpollok51@ucoz.ru,Male,105.200.156.138,Semnopithecus entellus,it.google.It
183,Gunar,Knowlson,gknowlson52@prweb.com,Male,184.213.53.96,Cervus duvauceli,fm.last.Aerified
184,Roseann,Kennler,rkennler53@eventbrite.com,Female,143.122.72.111,Larus fuliginosus,ca.google.Viva
185,Nowell,Imort,,,165.93.93.148,Ephippiorhynchus mycteria,de.google.Stringtough
186,Chariot,Senn,csenn55@pcworld.com,Female,168.248.147.52,Eolophus roseicapillus,com.msn.Ventosanzap
187,Lianne,Gosden,lgosden56@printfriendly.com,Female,140.174.35.18,Bettongia penicillata,com.reference.Asoka
188,Emlyn,Farron,efarron57@cpanel.net,Male,104.173.150.17,Crotalus triseriatus,com.nydailynews.Solarbreeze
189,Harcourt,Rimell,hrimell58@skyrock.com,Female,195.155.234.69,Lophoaetus occipitalis,com.csmonitor.Duobam
190,Shepard,Barnewell,sbarnewell59@cdbaby.com,Male,244.233.52.20,Pycnonotus nigricans,com.sogou.Mat Lam Tam
191,Kath,Rizzolo,,,236.163.90.149,Butorides striatus,com.slate.Tampflex
192,Joelynn,Gorelli,jgorelli5b@jugem.jp,Female,138.72.228.93,Tockus flavirostris,com.eepurl.Zontrax
193,Sherry,Mussalli,,,178.123.81.87,Pelecans onocratalus,nl.google.Kanlam
194,Leo,Lissemore,llissemore5d@pinterest.com,Female,230.229.20.105,Bubalus arnee,gov.hud.Flexidy
195,Daphne,Ladlow,dladlow5e@reuters.com,Female,110.132.200.221,Dicrostonyx groenlandicus,au.gov.nsw.Kanlam
196,Grete,Tracey,gtracey5f@prnewswire.com,Male,7.175.81.24,Cathartes aura,uk.co.dailymail.Tres-Zap
197,Perkin,Kingscote,pkingscote5g@jimdo.com,Female,134.48.165.15,Phoca vitulina,com.ask.Quo Lux
198,Rubia,Boig,rboig5h@ycombinator.com,Male,76.234.127.205,Panthera tigris,org.wordpress.Matsoft
199,Odie,Leathard,oleathard5i@columbia.edu,Female,146.50.187.41,Macropus robustus,edu.cmu.Asoka
200,Otha,Caughey,ocaughey5j@psu.edu,Female,32.151.173.124,Phascogale calura,com.hubpages.Vagram
201,Ase,Shallcrass,ashallcrass5k@meetup.com,Male,76.47.217.150,Vulpes vulpes,org.unicef.Zontrax
202,Marlee,Ketteringham,mketteringham5l@barnesandnoble.com,Male,147.38.75.94,Alopex lagopus,edu.cornell.Pannier
203,Ema,Needs,eneeds5m@cocolog-nifty.com,Male,195.109.25.188,Toxostoma curvirostre,com.naver.Y-find
204,Bartholomeo,Hopfer,,,15.153.169.90,unavailable,com.shareasale.Konklux
205,Gustaf,Murtagh,gmurtagh5o@google.com.au,Male,236.251.29.104,Felis silvestris lybica,com.live.Greenlam
206,Nolie,Kewish,nkewish5p@webmd.com,Female,186.59.30.146,Neophron percnopterus,com.devhub.Treeflex
207,Nelie,Flaverty,nflaverty5q@marriott.com,Male,46.84.156.33,Lama glama,edu.princeton.Fix San
208,Meredithe,Vogeler,mvogeler5r@skyrock.com,Female,192.91.210.118,Zonotrichia capensis,org.unicef.Biodex
209,Malvina,Tomek,mtomek5s@ucsd.edu,Male,202.96.248.235,Amphibolurus barbatus,com.barnesandnoble.Treeflex
210,Hamnet,Dudson,hdudson5t@theglobeandmail.com,Male,211.140.243.113,Acridotheres tristis,br.com.google.Voyatouch
211,Delores,Lowth,dlowth5u@bloglovin.com,Male,243.126.126.30,Platalea leucordia,com.sbwire.Tresom
212,Reynold,Wyles,rwyles5v@storify.com,Male,233.84.215.234,Columba livia,com.stumbleupon.Holdlamis
213,Alissa,Berthelet,aberthelet5w@hexun.com,Female,124.254.19.139,Stercorarius longicausus,com.sphinn.Asoka
214,Vina,Conibear,vconibear5x@wp.com,Male,123.121.144.29,Cacatua tenuirostris,org.opensource.Fixflex
215,Cordi,Lovell,clovell5y@vistaprint.com,Male,219.218.137.204,Hystrix cristata,jp.ne.hatena.Redhold
216,Gaultiero,Gotthard,ggotthard5z@reddit.com,Female,107.77.51.179,Canis aureus,com.ask.Job
217,Luz,Feehily,lfeehily60@icio.us,Female,147.242.53.174,Grus rubicundus,com.deliciousdays.Cookley
218,Brodie,Banthorpe,bbanthorpe61@yellowbook.com,Male,51.30.0.61,Anastomus oscitans,us.tx.state.Mat Lam Tam
219,Kingsley,Cowill,kcowill62@mlb.com,Male,17.207.135.246,Milvago chimachima,be.youtu.Pannier
220,Danit,Reggler,,,234.111.5.47,Marmota monax,edu.cmu.Y-find
221,Guinevere,Beloe,gbeloe64@fastcompany.com,Polygender,61.35.168.208,Eutamias minimus,com.studiopress.Aerified
222,Ange,Braybrook,abraybrook65@soup.io,Female,130.17.88.116,Ornithorhynchus anatinus,com.aol.Andalax
223,Vita,Whiteley,vwhiteley66@simplemachines.org,Male,245.79.122.29,Nyctea scandiaca,com.twitter.Alphazap
224,Levi,Pepi,,,134.214.176.225,Lycosa godeffroyi,com.example.Biodex
225,Eward,Mochan,emochan68@amazon.de,Male,211.2.120.109,Camelus dromedarius,com.netscape.Solarbreeze
226,Eolande,Blindmann,eblindmann69@epa.gov,Male,173.112.92.69,Coluber constrictor,com.deliciousdays.Zontrax
227,Rhys,Murricanes,,,235.196.157.65,Macropus rufogriseus,com.tmall.Holdlamis
228,Jocko,Peggram,jpeggram6b@earthlink.net,Genderfluid,22.224.226.46,Lybius torquatus,fr.pagesperso-orange.Vagram
229,Anthiathia,Bennitt,,,183.118.251.226,Felis libyca,com.vistaprint.Fintone
230,Romeo,Sinclair,rsinclair6d@businessinsider.com,Male,14.237.95.53,Ara ararauna,org.opensource.Voltsillam
231,Aurlie,Rogan,arogan6e@istockphoto.com,Male,107.212.199.188,Alopex lagopus,uk.co.dailymail.Alphazap
232,Josefina,Litton,jlitton6f@slashdot.org,Female,214.102.166.130,Larus dominicanus,de.google.Solarbreeze
233,Launce,McAnalley,lmcanalley6g@github.com,Female,95.192.48.231,Ardea cinerea,com.squarespace.Domainer
234,Jamesy,Amburgy,,,251.215.161.133,Hymenolaimus malacorhynchus,com.weebly.Regrant
235,Saleem,Christoforou,schristoforou6i@pen.io,Female,216.27.145.20,unavailable,com.ifeng.Y-find
236,Liliane,Scattergood,lscattergood6j@altervista.org,Non-binary,50.236.152.110,Centrocercus urophasianus,com.nytimes.Konklux
237,Nowell,Ugo,,,31.9.67.168,Conolophus subcristatus,de.e-recht24.Sonair
238,Way,Scones,wscones6l@creativecommons.org,Male,150.166.35.225,Felis concolor,com.zdnet.Zathin
239,Alphonse,Skoate,askoate6m@webnode.com,Male,227.7.155.33,Agelaius phoeniceus,com.xrea.Span
240,Cody,Ryding,,,196.194.51.164,Otocyon megalotis,fm.last.Namfix
241,Johannah,Davids,,,133.212.210.154,Bubalornis niger,com.mlb.Bytecard
242,Mae,Haffard,mhaffard6p@samsung.com,Female,5.243.251.251,Cyrtodactylus louisiadensis,com.sciencedaily.Y-Solowarm
243,Dacy,Hazael,dhazael6q@opera.com,Female,59.11.243.229,Psittacula krameri,com.hostgator.Subin
244,Vivi,Dukesbury,,,139.68.15.184,Damaliscus lunatus,com.mayoclinic.Daltfresh
245,Marti,Gossop,mgossop6s@wp.com,Female,50.197.98.22,Coendou prehensilis,org.gmpg.Latlux
246,Kimmy,Widdowes,kwiddowes6t@wordpress.com,Female,130.86.13.71,Varanus sp.,com.cnet.Zathin
247,Natasha,Byron,nbyron6u@cbslocal.com,Female,120.215.78.181,Vombatus ursinus,edu.msu.Quo Lux
248,Chance,Lowry,clowry6v@csmonitor.com,Male,235.118.204.145,Ratufa indica,com.wordpress.Vagram
249,Rodie,Monro,rmonro6w@gnu.org,Male,153.112.56.42,Felis libyca,com.scribd.Pannier
250,Leonidas,Chellingworth,lchellingworth6x@diigo.com,Female,214.41.100.244,Myotis lucifugus,gov.usa.Namfix
251,Mela,Jozwicki,mjozwicki6y@t-online.de,Male,60.85.100.92,Helogale undulata,com.wordpress.Bitwolf
252,Milka,Swannell,mswannell6z@friendfeed.com,Male,18.217.74.183,Recurvirostra avosetta,com.geocities.Cookley
253,Kleon,Jaquiss,kjaquiss70@sakura.ne.jp,Female,66.210.186.40,Dusicyon thous,jp.ne.ocn.Mat Lam Tam
254,Yasmeen,Challender,,,253.22.14.63,Ceratotherium simum,com.netvibes.Aerified
255,Pearla,Dearl,pdearl72@desdev.cn,Female,161.45.15.75,Eurocephalus anguitimens,com.hibu.Voyatouch
256,Terrye,Matteotti,tmatteotti73@twitpic.com,Female,132.160.139.5,Anitibyx armatus,com.forbes.Fixflex
257,Kiele,Duberry,kduberry74@dot.gov,Male,49.95.221.9,Phalacrocorax carbo,com.printfriendly.Redhold
258,Verge,Delahunt,vdelahunt75@admin.ch,Female,229.23.30.180,Bettongia penicillata,la.51.Sonsing
259,Maye,Clemencon,mclemencon76@google.it,Female,150.25.136.59,Sciurus vulgaris,com.sogou.Aerified
260,Sylvan,Warsap,swarsap77@spotify.com,Male,12.43.56.144,Ciconia episcopus,com.posterous.Stronghold
261,Linell,Oake,loake78@google.com.br,Female,188.6.46.6,Colaptes campestroides,com.bloglovin.Bitwolf
262,Merrie,Strathern,mstrathern79@booking.com,Male,37.244.21.75,Gazella thompsonii,la.51.Konklab
263,Moyna,Janes,,,16.45.143.69,Rhea americana,ru.liveinternet.Zamit
264,Jarrad,Easlea,jeaslea7b@vkontakte.ru,Male,17.173.194.193,Theropithecus gelada,com.multiply.Y-find
265,Faustina,Flowitt,,,237.25.229.227,Carphophis sp.,com.walmart.Ronstring
266,Bud,Kytley,,,138.19.10.146,Carduelis uropygialis,org.joomla.Quo Lux
267,Celestine,Moss,cmoss7e@wiley.com,Female,198.134.164.12,Streptopelia senegalensis,com.theatlantic.Fixflex
268,Meredith,Stow,mstow7f@jugem.jp,Male,184.99.152.200,Zosterops pallidus,com.zdnet.Span
269,Siobhan,Cordy,scordy7g@wikispaces.com,Female,52.128.41.165,Varanus sp.,com.youtube.Job
270,Siward,Tomsa,,,48.180.214.135,Charadrius tricollaris,com.huffingtonpost.Veribet
271,Gaylord,Mallender,,,246.65.242.207,Phalacrocorax niger,com.examiner.Zathin
272,Regine,Barker,rbarker7j@latimes.com,Non-binary,7.244.4.63,Alcelaphus buselaphus caama,edu.si.Holdlamis
273,Tate,Musgrave,tmusgrave7k@ustream.tv,Male,10.54.47.208,Dicrostonyx groenlandicus,com.wix.Treeflex
274,Imogene,Batch,ibatch7l@1688.com,Genderqueer,27.145.210.187,Cracticus nigroagularis,com.blogger.Hatity
275,Steve,Sloper,ssloper7m@nature.com,Female,12.81.104.122,Sylvicapra grimma,com.chicagotribune.Bitchip
276,Augy,Glanville,,,27.86.42.76,Motacilla aguimp,com.chicagotribune.Mat Lam Tam
277,Elie,Bleazard,ebleazard7o@addthis.com,Male,159.220.59.245,Genetta genetta,gov.usgs.Sub-Ex
278,Adah,Pettiford,,,94.237.165.25,Canis lupus baileyi,org.prlog.Matsoft
279,Langsdon,Keld,lkeld7q@elpais.com,Male,126.169.171.131,Ciconia episcopus,com.devhub.Aerified
280,Janine,Bartholomaus,jbartholomaus7r@usnews.com,Female,165.71.15.253,Psophia viridis,com.cnn.Quo Lux
281,Winnie,McKnish,,,13.218.55.122,Ploceus intermedius,cn.com.china.Ventosanzap
282,Rodger,Povall,rpovall7t@cargocollective.com,Male,207.241.248.212,Canis latrans,edu.illinois.Voyatouch
283,Aloisia,Cream,acream7u@wikipedia.org,Male,254.52.216.52,Laniaurius atrococcineus,org.slashdot.Y-Solowarm
284,Hana,Hannabuss,hhannabuss7v@quantcast.com,Female,143.170.68.52,Myrmecophaga tridactyla,com.businesswire.Sonair
285,Terence,Tulloch,ttulloch7w@thetimes.co.uk,Female,230.151.236.230,Libellula quadrimaculata,de.spiegel.Greenlam
286,Wanids,Dallimore,wdallimore7x@dagondesign.com,Female,123.179.32.136,Choloepus hoffmani,com.163.Tres-Zap
287,Sholom,MacTerrelly,smacterrelly7y@zdnet.com,Bigender,88.224.243.150,Dasypus septemcincus,com.huffingtonpost.Fintone
288,Sapphire,Lowthorpe,slowthorpe7z@auda.org.au,Male,219.21.93.206,Smithopsis crassicaudata,edu.msu.Matsoft
289,Jaimie,Kopps,jkopps80@bloglovin.com,Male,198.26.216.117,Phacochoerus aethiopus,jp.ameblo.Voltsillam
290,Idelle,De Caroli,,,116.34.4.40,Choloepus hoffmani,org.bbb.Hatity
291,Carrol,Broadnicke,cbroadnicke82@wikispaces.com,Female,46.52.54.171,unavailable,org.creativecommons.Andalax
292,Harri,How to preserve,hhowtopreserve83@shop-pro.jp,Female,62.136.17.237,Plegadis ridgwayi,com.networksolutions.Ronstring
293,Winonah,Swafford,wswafford84@lycos.com,Female,171.4.109.43,Callipepla gambelii,com.tmall.Konklux
294,Genevra,Reis,greis85@npr.org,Female,154.28.238.2,Agelaius phoeniceus,com.symantec.Stronghold
295,Danny,Ransom,dransom86@example.com,Agender,172.93.195.59,Hystrix cristata,com.paypal.Stronghold
296,Seward,Demongeot,sdemongeot87@mapy.cz,Female,60.119.153.52,Nucifraga columbiana,net.furl.Andalax
297,Sax,Sproat,ssproat88@techcrunch.com,Male,241.117.174.249,Chelodina longicollis,com.wordpress.Stronghold
298,Zorah,Maccrea,,,202.132.191.255,Gekko gecko,com.newsvine.Zoolab
299,Suellen,Eye,seye8a@indiatimes.com,Female,184.36.209.9,Falco mexicanus,cn.com.people.Hatity
300,Henrik,McSweeney,hmcsweeney8b@globo.com,Male,137.145.63.9,Dendrocitta vagabunda,com.yellowbook.Duobam
301,Broderick,Frost,bfrost8c@icq.com,Male,152.180.94.21,Pavo cristatus,fr.pagesperso-orange.Bigtax
302,Venus,Tenbrug,vtenbrug8d@altervista.org,Male,123.97.105.115,Eubalaena australis,org.networkadvertising.Hatity
303,Marcie,Handscomb,mhandscomb8e@uiuc.edu,Male,226.171.252.218,Sarcophilus harrisii,com.dagondesign.Domainer
304,Jule,Serle,jserle8f@soundcloud.com,Genderfluid,89.36.160.23,Passer domesticus,jp.ne.ocn.Trippledex
305,Elias,Overton,eoverton8g@51.la,Male,238.3.238.110,Odocoileus hemionus,pl.home.Bamity
306,Wini,Seargeant,wseargeant8h@instagram.com,Male,72.219.209.43,Ardea golieth,ru.yandex.Bitwolf
307,Heddie,Mohun,hmohun8i@mashable.com,Male,122.138.105.152,Macaca fuscata,com.about.Tin
308,Welby,Capeloff,wcapeloff8j@zdnet.com,Female,128.68.251.74,Bos mutus,com.qq.Tempsoft
309,Jennilee,Borth,jborth8k@taobao.com,Male,122.6.240.203,Bubo sp.,com.naver.Greenlam
310,Averil,Clubley,aclubley8l@squidoo.com,Female,6.35.39.28,Bettongia penicillata,com.elpais.Konklab
311,Yoko,Panther,ypanther8m@dion.ne.jp,Male,78.167.237.157,Nycticorax nycticorax,com.google.Job
312,Sibby,Russell,srussell8n@deliciousdays.com,Male,148.250.234.143,Felis caracal,uk.nhs.Lotstring
313,Melisa,Whytock,mwhytock8o@twitpic.com,Female,4.157.106.96,Neotis denhami,gov.ftc.Job
314,Carce,Spracklin,cspracklin8p@pcworld.com,Male,185.252.208.67,Ourebia ourebi,gov.fema.Flowdesk
315,Myles,Kingsnod,mkingsnod8q@ameblo.jp,Male,211.153.123.111,Corvus albus,com.howstuffworks.Vagram
316,Reidar,Conring,rconring8r@fda.gov,Female,65.121.123.103,Crocuta crocuta,com.netlog.Aerified
317,Saxon,Anderson,sanderson8s@weather.com,Female,120.200.218.211,Ursus americanus,com.tmall.Home Ing
318,Harriott,Nibloe,hnibloe8t@apache.org,Female,183.134.127.29,Chordeiles minor,net.earthlink.Sonsing
319,Pablo,Skellon,pskellon8u@themeforest.net,Male,161.81.177.37,Graspus graspus,com.baidu.Sub-Ex
320,Sax,Skune,sskune8v@wikispaces.com,Female,92.61.185.162,Ceratotherium simum,com.eventbrite.Treeflex
321,Jaime,Venable,,,177.109.99.193,Spheniscus mendiculus,com.digg.Ventosanzap
322,Salomi,Tyas,styas8x@washingtonpost.com,Female,14.30.227.72,Anthropoides paradisea,com.skyrock.Voyatouch
323,Dorena,Lowcock,dlowcock8y@seattletimes.com,Female,218.250.242.192,Geochelone radiata,com.oakley.Veribet
324,Iago,Bolton,ibolton8z@theglobeandmail.com,Female,60.207.55.254,Corvus brachyrhynchos,com.skyrock.Sonsing
325,Marrilee,Matelyunas,mmatelyunas90@newyorker.com,Female,36.94.116.34,Dusicyon thous,jp.ne.biglobe.Hatity
326,Caryl,Buckthorpe,cbuckthorpe91@bloglovin.com,Male,198.217.26.10,Petaurus norfolcensis,com.live.Ronstring
327,Halie,Handman,hhandman92@shinystat.com,Female,125.58.97.11,Sus scrofa,gov.house.Sub-Ex
328,Janine,Ridsdale,jridsdale93@webnode.com,Female,218.253.239.201,Mirounga leonina,com.digg.Otcom
329,Matthias,Moncrefe,,,34.169.85.133,Laniarius ferrugineus,pl.google.Biodex
330,Orland,Sheerman,osheerman95@miibeian.gov.cn,Female,28.139.63.109,Carduelis pinus,gl.goo.Bytecard
331,Lynette,Rosingdall,,,254.151.124.182,Thalasseus maximus,de.google.Sub-Ex
332,Gael,Febry,gfebry97@soup.io,Female,131.119.113.125,Speotyte cuniculata,be.youtu.Rank
333,Kikelia,Juara,kjuara98@arizona.edu,Non-binary,146.246.40.243,Phascogale calura,uk.co.telegraph.Hatity
334,Arturo,Bastiman,abastiman99@diigo.com,Genderfluid,206.242.1.55,Tayassu tajacu,com.webmd.Lotlux
335,Kiele,Salvadore,ksalvadore9a@nps.gov,Female,181.32.142.112,Hydrochoerus hydrochaeris,com.typepad.Stronghold
336,Lemar,Ephgrave,lephgrave9b@macromedia.com,Female,43.165.77.117,Chloephaga melanoptera,com.nationalgeographic.Lotlux
337,Lonnie,Cuthill,lcuthill9c@indiegogo.com,Male,130.221.163.195,Dipodomys deserti,org.altervista.Zamit
338,Chrissy,Verdey,cverdey9d@ucoz.com,Female,65.193.54.91,Odocoilenaus virginianus,com.macromedia.Duobam
339,Marijn,Sangster,msangster9e@facebook.com,Female,191.31.172.238,Callorhinus ursinus,com.barnesandnoble.Sub-Ex
340,Ogdon,Alen,oalen9f@example.com,Non-binary,143.223.72.63,Climacteris melanura,cc.tiny.Andalax
341,Florette,Kippax,fkippax9g@xrea.com,Male,166.6.146.226,Trichechus inunguis,jp.co.amazon.Lotstring
342,Malissa,Thowes,mthowes9h@adobe.com,Female,113.176.217.57,Butorides striatus,com.feedburner.Asoka
343,Violette,O'Scanlan,voscanlan9i@amazon.de,Female,58.176.234.142,Macropus rufogriseus,gov.state.Latlux
344,Devinne,Lissandrini,dlissandrini9j@privacy.gov.au,Polygender,152.161.13.202,Hyaena brunnea,jp.co.infoseek.Opela
345,Lisle,Cornish,lcornish9k@gnu.org,Genderfluid,211.116.202.27,Spermophilus armatus,gov.nasa.Viva
346,Colas,Haigh,chaigh9l@yelp.com,Female,106.32.131.223,Spheniscus magellanicus,ru.google.Tresom
347,Trudi,Redwin,tredwin9m@scribd.com,Female,32.234.94.93,unavailable,com.vk.Ventosanzap
348,Niles,Woolmington,nwoolmington9n@godaddy.com,Male,92.61.179.239,Psophia viridis,gov.irs.Namfix
349,Thurston,Prue,tprue9o@blogger.com,Male,61.232.157.183,Paraxerus cepapi,com.yellowpages.Bytecard
350,Elsbeth,Vazquez,evazquez9p@opera.com,Female,250.3.123.177,Vulpes chama,uk.co.123-reg.Hatity
351,Ives,Zellner,izellner9q@state.gov,Female,138.72.210.215,Psittacula krameri,com.constantcontact.Kanlam
352,Dare,Guise,dguise9r@mit.edu,Male,43.243.163.134,Toxostoma curvirostre,io.pen.Regrant
353,Jillayne,Soigoux,jsoigoux9s@webnode.com,Female,129.159.231.187,Cathartes aura,gov.nih.Duobam
354,Sigrid,Muddicliffe,smuddicliffe9t@intel.com,Male,3.137.232.226,Diceros bicornis,com.taobao.Latlux
355,Garvey,Wilkin,gwilkin9u@theatlantic.com,Female,55.110.154.107,Tayassu tajacu,edu.yale.Zaam-Dox
356,Eveleen,Kaminski,ekaminski9v@etsy.com,Agender,125.102.20.19,Lophoaetus occipitalis,uk.co.amazon.Y-find
357,Vassily,Sterte,vsterte9w@blogger.com,Male,126.169.147.239,Cacatua galerita,com.foxnews.Bitchip
358,Eve,Augustus,eaugustus9x@nsw.gov.au,Male,224.192.224.80,Callipepla gambelii,jp.co.amazon.Konklux
359,Ardella,Renforth,,,234.215.51.248,Gazella thompsonii,ru.google.Stringtough
360,Felita,Ellice,fellice9z@elegantthemes.com,Male,160.204.142.147,Laniarius ferrugineus,pl.google.Wrapsafe
361,Dew,Charlton,dcharltona0@last.fm,Female,42.182.121.86,Meleagris gallopavo,au.gov.nsw.Y-Solowarm
362,Eal,Shapland,eshaplanda1@pbs.org,Female,196.110.198.9,Sylvilagus floridanus,com.netlog.Vagram
363,Basil,Tracey,btraceya2@latimes.com,Female,117.38.198.162,Columba livia,com.tmall.Kanlam
364,Darnall,Anten,dantena3@nytimes.com,Female,134.76.13.199,Francolinus leucoscepus,com.phpbb.Voyatouch
365,Erie,Carnie,ecarniea4@ameblo.jp,Male,166.148.34.61,Tamiasciurus hudsonicus,edu.berkeley.Pannier
366,Eduino,Measor,emeasora5@yelp.com,Female,154.134.141.184,Callipepla gambelii,com.businessweek.Alpha
367,Edd,Heintzsch,eheintzscha6@google.com.hk,Female,208.219.90.7,Echimys chrysurus,com.feedburner.Tampflex
368,Oby,Yellowlea,oyellowleaa7@hugedomains.com,Female,165.162.239.90,Junonia genoveua,com.webmd.Temp
369,Leshia,Skitterel,lskitterela8@dailymail.co.uk,Female,61.115.112.44,Rhabdomys pumilio,edu.harvard.It
370,Lisabeth,Patnelli,lpatnellia9@examiner.com,Female,218.67.231.185,Connochaetus taurinus,edu.umn.Regrant
371,Mechelle,Thorrington,mthorringtonaa@who.int,Female,128.106.26.218,Ciconia episcopus,cn.com.china.Lotstring
372,Marve,Danielot,mdanielotab@rakuten.co.jp,Female,119.14.122.176,Gyps bengalensis,com.amazon.Tres-Zap
373,Chalmers,Ashton,cashtonac@imdb.com,Non-binary,169.212.33.107,Amphibolurus barbatus,io.github.Stim
374,Gisella,Endicott,,,165.152.138.198,Crotaphytus collaris,jp.ne.so-net.Andalax
375,Thorstein,Shadbolt,tshadboltae@reuters.com,Male,237.243.110.75,Alligator mississippiensis,uk.ac.cam.Kanlam
376,Denice,Avramchik,davramchikaf@state.tx.us,Male,182.69.109.149,Vulpes chama,com.sitemeter.Greenlam
377,Erna,Starkie,estarkieag@webeden.co.uk,Female,83.149.138.251,Meleagris gallopavo,com.dagondesign.Fix San
378,Washington,Dryden,wdrydenah@unicef.org,Female,1.156.246.80,Phylurus milli,cn.desdev.Sonsing
379,Bentlee,Denley,bdenleyai@fotki.com,Female,162.230.243.68,Chauna torquata,gov.ca.Fix San
380,Perren,Leschelle,pleschelleaj@rediff.com,Male,68.87.107.81,Callipepla gambelii,com.diigo.Domainer
381,Dom,Kleiser,dkleiserak@sbwire.com,Male,123.122.33.150,Chlamydosaurus kingii,com.linkedin.Bitchip
382,Edee,Moyers,emoyersal@aboutads.info,Male,147.136.139.6,Tachyglossus aculeatus,org.apache.Quo Lux
383,Helena,McMorland,hmcmorlandam@mozilla.com,Male,104.143.245.43,Ninox superciliaris,uk.co.webeden.Temp
384,Simone,Baudassi,sbaudassian@state.gov,Male,203.227.104.200,Dicrostonyx groenlandicus,uk.ac.ox.Alphazap
385,Saundra,Dalyiel,sdalyielao@sina.com.cn,Agender,183.35.170.249,Halcyon smyrnesis,com.statcounter.Lotstring
386,Claresta,Sumpton,csumptonap@domainmarket.com,Male,202.207.144.55,Balearica pavonina,jp.i2i.Gembucket
387,Bathsheba,Kemm,bkemmaq@geocities.com,Male,2.21.155.88,Crotalus triseriatus,com.gravatar.Greenlam
388,Ammamaria,Allardyce,,,245.124.125.178,Rhea americana,com.mashable.Redhold
389,Shanie,Janicek,sjanicekas@spiegel.de,Female,127.121.242.148,Isoodon obesulus,com.surveymonkey.Sub-Ex
390,Cindelyn,Richley,crichleyat@etsy.com,Male,218.131.211.196,Ovis ammon,com.quantcast.Namfix
391,Chelsea,Tipens,ctipensau@tiny.cc,Female,106.161.63.227,Potorous tridactylus,com.microsoft.Flowdesk
392,Esme,Piel,epielav@acquirethisname.com,Agender,61.51.130.157,Chlidonias leucopterus,com.tumblr.Gembucket
393,Jeannie,Gabey,jgabeyaw@uiuc.edu,Male,129.62.51.41,Phalacrocorax carbo,com.chron.Stronghold
394,Jaquith,Poulson,jpoulsonax@technorati.com,Female,142.229.113.88,Sylvicapra grimma,com.com.Cardguard
395,Amber,Clurow,,,76.153.155.90,Galago crassicaudataus,com.chron.Subin
396,Shana,Hague,shagueaz@stumbleupon.com,Female,55.100.254.83,Marmota monax,us.icio.Asoka
397,Kim,Trayling,ktraylingb0@hud.gov,Female,111.188.67.60,Falco mexicanus,org.npr.Wrapsafe
398,Daron,Haney`,dhaneyb1@seattletimes.com,Male,194.110.80.230,Bucephala clangula,com.sitemeter.Keylex
399,Olenka,Rigts,origtsb2@tinypic.com,Male,157.87.161.191,Phalaropus fulicarius,com.pcworld.Y-find
400,Zonnya,Oliphard,zoliphardb3@eepurl.com,Female,54.8.185.13,Libellula quadrimaculata,nl.google.Lotlux
401,Staford,Boyn,sboynb4@free.fr,Male,43.146.170.212,Heloderma horridum,com.booking.Lotstring
402,Kirbie,Talboy,ktalboyb5@joomla.org,Male,218.99.80.140,Bison bison,com.barnesandnoble.Overhold
403,Sherm,Itzcak,,,102.178.10.133,Haliaeetus leucocephalus,com.macromedia.Voltsillam
404,Nicol,Ephgrave,nephgraveb7@bloomberg.com,Male,18.194.250.186,Hystrix indica,com.wp.Viva
405,Katha,Koles,kkolesb8@taobao.com,Female,106.86.94.60,Recurvirostra avosetta,com.gizmodo.Bigtax
406,Tamqrah,Letten,,,49.243.185.164,Mazama gouazoubira,com.ft.Zoolab
407,Codie,Hyndes,chyndesba@state.tx.us,Male,4.8.197.141,Mephitis mephitis,us.tx.state.Zontrax
408,Merissa,Ege,,,229.48.31.131,Vulpes vulpes,com.dailymotion.Subin
409,Tish,Malenoir,tmalenoirbc@icio.us,Female,227.217.169.162,Bubo virginianus,com.barnesandnoble.Vagram
410,Jonathan,Sinderson,,,212.169.26.66,Equus burchelli,br.com.uol.Rank
411,Ive,Riveles,irivelesbe@sogou.com,Female,177.38.219.38,Leprocaulinus vipera,com.businessinsider.Voltsillam
412,Kata,Cauldwell,kcauldwellbf@engadget.com,Female,1.158.198.107,Myrmecophaga tridactyla,com.xing.Bitchip
413,Brooks,Grimstead,bgrimsteadbg@theatlantic.com,Female,54.62.11.252,Ardea golieth,edu.umich.Subin
414,Brunhilda,Rands,brandsbh@arstechnica.com,Female,243.56.47.41,Anthropoides paradisea,jp.i2i.Lotlux
415,Kingsly,Braund,kbraundbi@google.co.jp,Female,142.183.88.210,Colobus guerza,org.wikipedia.Bitwolf
416,Rosaline,Fontanet,rfontanetbj@xing.com,Female,143.122.32.70,Passer domesticus,org.w3.Viva
417,Galvin,Chappelow,,,220.152.6.212,Cordylus giganteus,com.wikia.Hatity
418,Blinny,Insall,,,168.98.0.146,Damaliscus lunatus,com.buzzfeed.Ronstring
419,Jaquelyn,Linturn,jlinturnbm@youtube.com,Female,218.190.61.160,Graspus graspus,com.tmall.Job
420,Der,Oxenford,doxenfordbn@lulu.com,Male,114.121.165.250,Pycnonotus nigricans,com.pcworld.Tin
421,Evyn,Brookesbie,ebrookesbiebo@tinypic.com,Female,190.57.52.79,Francolinus coqui,com.mapquest.Treeflex
422,Oneida,Grane,ogranebp@geocities.com,Male,70.231.103.109,Pseudoleistes virescens,com.trellian.Zathin
423,Alfie,Budik,abudikbq@tinyurl.com,Male,174.63.164.107,Amazona sp.,com.mac.Gembucket
424,Maddy,Farden,mfardenbr@rediff.com,Female,123.193.254.134,Myotis lucifugus,tv.ustream.Flexidy
425,Sheri,Pakenham,spakenhambs@vkontakte.ru,Female,53.245.12.39,Spheniscus magellanicus,com.apple.Sonsing
426,Dina,Fold,dfoldbt@netlog.com,Male,155.107.90.28,Macropus robustus,fr.google.Duobam
427,Sheena,Duddell,sduddellbu@webeden.co.uk,Male,217.212.168.217,Climacteris melanura,jp.jugem.Regrant
428,Cinnamon,D'Oyly,cdoylybv@elpais.com,Male,242.111.180.24,Bos taurus,com.shutterfly.Latlux
429,Xever,Hackelton,xhackeltonbw@edublogs.org,Female,50.248.23.248,Haematopus ater,com.wunderground.Bitwolf
430,Lynde,Liquorish,lliquorishbx@unblog.fr,Agender,119.242.248.17,Psophia viridis,br.com.uol.Keylex
431,Lillian,Sieur,lsieurby@themeforest.net,Female,66.162.204.155,Phascogale tapoatafa,com.eepurl.Trippledex
432,Georas,Kynoch,gkynochbz@irs.gov,Male,181.181.220.217,Butorides striatus,fr.unblog.Voltsillam
433,Nicol,Knighton,nknightonc0@cloudflare.com,Female,10.221.14.75,Eutamias minimus,com.pinterest.Y-find
434,Shannon,Lang,slangc1@eepurl.com,Female,233.243.174.200,Streptopelia senegalensis,com.yellowbook.Rank
435,Christiano,Rainsdon,crainsdonc2@amazon.co.uk,Female,176.26.122.42,Lorythaixoides concolor,com.diigo.Y-Solowarm
436,Jolie,Sictornes,jsictornesc3@webmd.com,Male,205.223.137.248,Mephitis mephitis,com.github.Sub-Ex
437,Vanya,Karpinski,vkarpinskic4@pcworld.com,Female,160.133.183.199,Anathana ellioti,com.godaddy.Treeflex
438,Sara,McLeese,smcleesec5@github.io,Non-binary,51.70.32.131,Gabianus pacificus,gov.senate.Holdlamis
439,Otto,Jaegar,,,19.176.119.10,Gorilla gorilla,com.csmonitor.Keylex
440,Rianon,Caine,,,37.25.67.210,Semnopithecus entellus,fr.pagesperso-orange.Overhold
441,Valencia,Swanson,vswansonc8@unesco.org,Male,234.203.142.62,Meleagris gallopavo,gov.ftc.Latlux
442,Felipe,Jambrozek,fjambrozekc9@tamu.edu,Agender,49.148.189.214,Cebus albifrons,com.ifeng.Regrant
443,Nathaniel,Hethron,,,217.250.233.178,unavailable,com.ask.Zathin
444,Rosie,Arger,rargercb@fda.gov,Female,178.1.121.224,Tursiops truncatus,org.wordpress.Zoolab
445,Rand,Greatbatch,rgreatbatchcc@amazon.com,Male,196.156.228.136,Carduelis uropygialis,edu.berkeley.Stringtough
446,Chrisse,Spada,cspadacd@google.fr,Male,121.23.148.232,Pituophis melanaleucus,uk.ac.cam.Viva
447,Deonne,Delbergue,ddelberguece@squarespace.com,Male,237.252.217.133,Francolinus coqui,com.hp.Redhold
448,Guilbert,Horsewood,ghorsewoodcf@vimeo.com,Female,194.209.107.176,Naja haje,com.technorati.Matsoft
449,Axe,Skermer,askermercg@arizona.edu,Polygender,34.150.65.9,Corvus albicollis,com.icq.Aerified
450,Mirabelle,Mickan,,,206.53.95.232,Ovis canadensis,com.deviantart.Lotstring
451,Guillermo,Alexsandrev,galexsandrevci@usatoday.com,Male,141.50.117.161,Psittacula krameri,edu.nyu.Alphazap
452,Sibella,Dalzell,sdalzellcj@europa.eu,Male,114.1.110.166,Catharacta skua,com.wunderground.Fintone
453,Nataniel,Fabbro,nfabbrock@examiner.com,Male,81.90.150.239,Ctenophorus ornatus,gd.is.Stronghold
454,Giacinta,Domm,gdommcl@google.es,Female,97.69.88.2,Picoides pubescens,com.digg.Stronghold
455,Rustin,Smallridge,rsmallridgecm@go.com,Male,207.118.162.213,Ramphastos tucanus,com.blogs.Transcof
456,Sigfrid,Benn,,,224.236.171.41,Macaca mulatta,jp.shop-pro.Quo Lux
457,Halley,Emps,hempsco@dyndns.org,Female,68.174.177.184,Oryx gazella callotis,jp.i2i.Latlux
458,Natalie,Capeling,ncapelingcp@cbsnews.com,Female,68.243.199.233,Martes americana,com.ehow.Trippledex
459,Cinnamon,Deave,cdeavecq@intel.com,Male,39.158.145.165,Platalea leucordia,jp.co.google.Solarbreeze
460,Mariann,Grouer,mgrouercr@toplist.cz,Male,2.102.117.79,Laniarius ferrugineus,ru.google.Job
461,Norri,Scarth,nscarthcs@ucla.edu,Female,212.254.56.61,Chlamydosaurus kingii,com.issuu.Stim
462,Myrtie,Yarnell,myarnellct@ucsd.edu,Female,60.30.14.85,Balearica pavonina,com.ehow.Bamity
463,Romola,Gaylard,rgaylardcu@irs.gov,Male,93.232.193.212,Nucifraga columbiana,ru.odnoklassniki.Subin
464,Alicia,Newcom,anewcomcv@addthis.com,Male,48.64.65.189,Passer domesticus,gov.ca.Cookley
465,Thorpe,Elfes,telfescw@drupal.org,Female,134.155.93.195,Echimys chrysurus,eu.europa.Hatity
466,Valentia,Cranmore,vcranmorecx@diigo.com,Male,120.56.202.201,Propithecus verreauxi,com.wired.Bitwolf
467,Edita,Bass,ebasscy@rediff.com,Genderfluid,82.98.248.254,Eumetopias jubatus,it.google.Bitwolf
468,Marcelo,Championnet,mchampionnetcz@nymag.com,Male,80.12.137.60,Equus hemionus,com.tinyurl.Flexidy
469,Fred,Roistone,froistoned0@parallels.com,Male,117.240.219.205,Coluber constrictor,com.arstechnica.Holdlamis
470,Melania,Blackly,mblacklyd1@macromedia.com,Female,58.149.178.7,Orcinus orca,com.symantec.Temp
471,Doy,Matthius,dmatthiusd2@techcrunch.com,Female,4.91.179.84,Spizaetus coronatus,com.yahoo.Namfix
472,Polly,Imms,pimmsd3@fda.gov,Male,77.64.54.238,Trichosurus vulpecula,gov.usda.Flowdesk
473,Lynea,Raikes,lraikesd4@sbwire.com,Male,94.72.89.84,Felis rufus,com.bloomberg.Voyatouch
474,Abey,Magarrell,amagarrelld5@slideshare.net,Male,31.136.146.70,Balearica pavonina,com.cdbaby.Opela
475,Mattie,Veall,mvealld6@statcounter.com,Female,88.222.91.147,Panthera pardus,org.archive.Mat Lam Tam
476,Percy,Juggings,pjuggingsd7@wikipedia.org,Male,83.194.212.114,Castor canadensis,jp.co.google.Toughjoyfax
477,Jodie,Raft,jraftd8@un.org,Female,146.72.33.109,Manouria emys,net.clickbank.Stronghold
478,Hillery,Covelle,,,97.251.239.216,Cygnus atratus,com.digg.Overhold
479,Val,Gorring,vgorringda@samsung.com,Male,162.17.138.60,Tapirus terrestris,com.addthis.Bigtax
480,Lacy,Turmell,lturmelldb@cmu.edu,Non-binary,67.162.255.172,Limosa haemastica,com.latimes.Cardguard
481,Edward,Redit,ereditdc@yellowpages.com,Male,198.123.29.118,Canis lupus lycaon,com.alibaba.Mat Lam Tam
482,Margarethe,Webling,mweblingdd@1688.com,Male,6.143.146.178,Morelia spilotes variegata,vu.de.Greenlam
483,Trip,Larroway,tlarrowayde@mtv.com,Female,243.250.215.50,Buteo regalis,com.alibaba.Fintone
484,Reginald,Keeling,,,169.0.242.135,Alopochen aegyptiacus,com.cafepress.Mat Lam Tam
485,Menard,Sanday,msandaydg@tripod.com,Female,215.203.195.211,Mycteria leucocephala,com.cbslocal.Cardguard
486,Meir,Panketh,mpankethdh@un.org,Male,91.229.114.195,Dendrohyrax brucel,edu.arizona.Ronstring
487,Lorraine,Matchell,lmatchelldi@apache.org,Female,154.14.138.98,Gazella thompsonii,jp.shop-pro.Namfix
488,Betteanne,Nusche,bnuschedj@chronoengine.com,Male,149.81.255.134,Chlidonias leucopterus,com.devhub.Sonair
489,Deerdre,Lage,,,230.199.217.235,Phasianus colchicus,jp.co.amazon.Fixflex
490,Ricca,Houston,rhoustondl@shinystat.com,Male,129.214.235.164,Oryx gazella,com.delicious.Asoka
491,Katina,Danzelman,kdanzelmandm@who.int,Female,165.213.185.15,Sarkidornis melanotos,com.technorati.Bigtax
492,Hesther,Kurt,hkurtdn@narod.ru,Female,186.222.43.217,Stercorarius longicausus,fm.last.Sonsing
493,Hamnet,Roakes,hroakesdo@reuters.com,Male,168.59.235.255,Sitta canadensis,de.amazon.Bitchip
494,Lurette,Donati,ldonatidp@freewebs.com,Genderqueer,225.176.161.46,Gyps bengalensis,com.marriott.Konklux
495,Uriah,Haydon,,,65.183.137.200,Pteropus rufus,com.discovery.Matsoft
496,Roseanna,Martin,rmartindr@mapy.cz,Male,1.110.88.28,Heloderma horridum,it.google.Daltfresh
497,Hurlee,Gaskarth,hgaskarthds@tumblr.com,Female,237.79.131.24,Felis concolor,gov.census.Sub-Ex
498,Sholom,Ramas,sramasdt@springer.com,Male,111.113.61.132,Phylurus milli,jp.co.google.Biodex
499,Petra,Mugridge,pmugridgedu@salon.com,Male,228.110.96.109,Spermophilus lateralis,fr.google.Hatity
500,Mirabella,Debow,mdebowdv@latimes.com,Female,241.26.159.222,Rhea americana,edu.nyu.Tres-Zap
501,Leodora,Drewet,ldrewetdw@fda.gov,Female,210.36.244.47,Pituophis melanaleucus,com.shinystat.Andalax
502,Colleen,Parcells,,,74.212.217.170,Coluber constrictor,com.twitpic.Ventosanzap
503,Dalton,Emberson,,,57.160.140.92,Geochelone radiata,edu.berkeley.Flexidy
504,Nanine,Caveill,ncaveilldz@google.com.au,Female,142.0.114.175,Leptoptilus dubius,com.tripod.Domainer
505,Ortensia,Honsch,ohonsche0@cam.ac.uk,Male,103.60.51.98,Pterocles gutturalis,com.sbwire.Zathin
506,Annetta,Itzchaki,aitzchakie1@devhub.com,Male,86.246.180.13,Amphibolurus barbatus,com.wufoo.Daltfresh
507,Simonette,De Marchi,sdemarchie2@ebay.co.uk,Male,133.164.150.73,Pseudalopex gymnocercus,com.paypal.Holdlamis
508,Sargent,Isles,sislese3@t.co,Female,236.40.61.216,Bettongia penicillata,com.hp.Matsoft
509,Thadeus,Hannent,thannente4@163.com,Female,210.253.104.128,Choriotis kori,edu.mit.Sonsing
510,Johannes,Pyecroft,jpyecrofte5@discovery.com,Male,218.43.89.213,Cebus albifrons,com.engadget.Bitwolf
511,Agata,Scoterbosh,ascoterboshe6@google.co.uk,Female,205.250.67.36,unavailable,edu.illinois.Tin
512,Hewet,Linskill,hlinskille7@t.co,Agender,73.72.176.211,Amblyrhynchus cristatus,com.bravesites.Lotlux
513,Ginnifer,Beckmann,gbeckmanne8@abc.net.au,Female,195.29.179.72,unavailable,com.omniture.Sub-Ex
514,Sharla,Wethey,swetheye9@arstechnica.com,Male,240.56.98.211,Cebus apella,edu.cmu.Trippledex
515,Stevana,Syddon,ssyddonea@ovh.net,Male,191.102.191.0,Irania gutteralis,net.clickbank.Voltsillam
516,Cinda,Offield,coffieldeb@ocn.ne.jp,Male,102.233.84.70,Acrantophis madagascariensis,com.reverbnation.Namfix
517,Mellie,Costain,mcostainec@time.com,Male,172.33.43.157,Anathana ellioti,jp.ne.hatena.Fix San
518,Saul,MacDuff,smacduffed@taobao.com,Female,77.167.159.78,Buteo regalis,edu.washington.Hatity
519,Elliott,Bole,eboleee@admin.ch,Female,47.195.87.33,Kobus defassa,com.instagram.Y-Solowarm
520,Hunfredo,Burgise,hburgiseef@virginia.edu,Male,56.71.5.199,Lutra canadensis,com.cnet.Cardify
521,Vinnie,Sidon,vsidoneg@cafepress.com,Female,140.74.152.47,Cordylus giganteus,com.yellowbook.Mat Lam Tam
522,Chandler,Dominichelli,cdominichellieh@com.com,Male,33.70.90.231,Arctogalidia trivirgata,com.bigcartel.Fixflex
523,Blair,Peres,bperesei@themeforest.net,Bigender,39.169.108.163,Hippotragus niger,edu.illinois.Stronghold
524,Dell,Kitman,dkitmanej@yahoo.co.jp,Female,250.100.78.0,Microcavia australis,gov.hhs.Biodex
525,Mendy,Twidell,mtwidellek@blogtalkradio.com,Female,114.4.140.189,Ourebia ourebi,com.163.Treeflex
526,Keith,Tritten,ktrittenel@yelp.com,Female,143.201.120.231,Streptopelia senegalensis,me.about.Rank
527,Ivett,Shmyr,ishmyrem@boston.com,Genderqueer,183.200.42.170,Marmota monax,com.cnbc.Tempsoft
528,Valera,Mingame,vmingameen@wiley.com,Male,125.221.103.175,Varanus sp.,com.lulu.Bamity
529,Daisie,Tomsett,dtomsetteo@microsoft.com,Female,171.78.105.169,Zosterops pallidus,com.answers.Veribet
530,Penni,McKall,pmckallep@mail.ru,Female,148.199.96.213,Epicrates cenchria maurus,com.bloomberg.Viva
531,Bartholomew,Pughsley,,,226.219.84.123,Tragelaphus angasi,com.businessinsider.Fix San
532,Oliver,Adam,oadamer@stumbleupon.com,Male,67.218.55.124,Paradoxurus hermaphroditus,gov.nps.Fintone
533,Cam,Yakubovics,cyakubovicses@accuweather.com,Male,197.125.119.88,Spizaetus coronatus,au.com.google.Viva
534,Aleece,Grissett,agrissettet@state.gov,Male,196.177.85.80,Phascolarctos cinereus,com.multiply.Hatity
535,Yovonnda,Chasle,ychasleeu@cpanel.net,Male,107.0.193.218,Anhinga rufa,com.ycombinator.Treeflex
536,Dulcia,Triswell,dtriswellev@yahoo.com,Male,0.140.92.2,Galago crassicaudataus,com.163.Tres-Zap
537,Cirilo,O'Ruane,coruaneew@nature.com,Male,52.115.243.207,Papilio canadensis,com.nature.Veribet
538,Alyosha,de Clerk,adeclerkex@webnode.com,Female,109.189.183.156,Eremophila alpestris,com.netvibes.Wrapsafe
539,Tally,Pierri,tpierriey@illinois.edu,Male,86.104.125.187,unavailable,hk.com.google.Asoka
540,Marguerite,Cody,mcodyez@gmpg.org,Male,254.225.107.69,Phylurus milli,net.ovh.Temp
541,Nickey,Cleaver,ncleaverf0@dailymail.co.uk,Female,113.125.113.113,Alcelaphus buselaphus cokii,com.apple.Hatity
542,Margo,Pickersail,mpickersailf1@networkadvertising.org,Male,71.128.127.96,unavailable,com.weibo.Stringtough
543,Harley,Pittam,hpittamf2@spiegel.de,Female,152.181.83.209,Egretta thula,com.answers.Tres-Zap
544,Cher,Gordon-Giles,cgordongilesf3@wordpress.com,Male,84.32.191.227,Neophron percnopterus,com.huffingtonpost.Tres-Zap
545,Kalil,Errington,kerringtonf4@youtu.be,Female,95.225.49.189,Panthera pardus,com.csmonitor.Subin
546,Kelcy,Karpman,kkarpmanf5@behance.net,Male,224.125.59.106,Psophia viridis,com.meetup.Tin
547,Fritz,Godehard.sf,fgodehardsff6@tinyurl.com,Female,97.39.193.84,Paradoxurus hermaphroditus,com.chronoengine.Flowdesk
548,Julie,Foch,jfochf7@google.cn,Female,102.249.153.203,Bucorvus leadbeateri,com.trellian.Keylex
549,Cassie,Graver,cgraverf8@house.gov,Female,202.233.166.139,Paraxerus cepapi,com.rediff.Home Ing
550,Goran,Massel,gmasself9@weibo.com,Bigender,172.202.198.85,Lycosa godeffroyi,com.boston.Toughjoyfax
551,Cristal,Brundle,cbrundlefa@redcross.org,Female,35.109.46.134,Ctenophorus ornatus,edu.nyu.Y-find
552,Alvis,Frank,afrankfb@state.gov,Female,106.95.167.76,Redunca redunca,com.hugedomains.Bigtax
553,Esra,Gadie,egadiefc@sciencedirect.com,Male,124.166.23.84,Naja sp.,com.mediafire.Viva
554,Emelita,Pashenkov,epashenkovfd@cnet.com,Male,62.45.128.107,Nectarinia chalybea,com.elpais.Domainer
555,Corrina,Crosston,ccrosstonfe@nhs.uk,Male,218.67.60.28,Sylvicapra grimma,com.comsenz.Stronghold
556,Nollie,Arnaudon,narnaudonff@deliciousdays.com,Male,53.76.247.136,Buteo jamaicensis,com.ihg.Trippledex
557,Wrennie,Sedgemond,wsedgemondfg@typepad.com,Female,224.117.195.15,Columba livia,com.ask.Sonair
558,Idalia,Hadden,ihaddenfh@ox.ac.uk,Female,174.60.211.151,Martes americana,com.hp.Solarbreeze
559,Artur,Pindell,apindellfi@ycombinator.com,Female,251.160.4.181,Cordylus giganteus,gov.usda.Bytecard
560,Crystie,Petrelluzzi,,,225.139.199.197,Trichosurus vulpecula,com.pcworld.Tampflex
561,Henryetta,Falkous,,,96.217.104.232,Propithecus verreauxi,com.quantcast.Matsoft
562,Nicoli,Copcote,ncopcotefl@people.com.cn,Bigender,10.220.76.61,Tockus erythrorhyncus,com.wix.Trippledex
563,Gerianne,Barkaway,gbarkawayfm@topsy.com,Female,66.72.243.131,Francolinus coqui,com.aol.Zontrax
564,Osborn,Kovnot,okovnotfn@goo.gl,Male,129.21.242.253,Falco peregrinus,com.dagondesign.Sonair
565,Reinhard,Scoles,rscolesfo@auda.org.au,Male,150.228.117.247,Tamiasciurus hudsonicus,com.hp.Span
566,Willem,Hudleston,whudlestonfp@spiegel.de,Female,186.238.143.248,Otocyon megalotis,com.cocolog-nifty.Zontrax
567,Meriel,Fivey,mfiveyfq@imdb.com,Female,107.64.222.138,Canis aureus,com.twitter.Solarbreeze
568,Keene,Bartul,kbartulfr@abc.net.au,Male,187.173.7.231,Hydrochoerus hydrochaeris,de.spiegel.Solarbreeze
569,Rhett,Mayte,,,154.21.168.150,Cochlearius cochlearius,com.paypal.Viva
570,Meta,Brilleman,mbrillemanft@archive.org,Female,101.171.157.99,Canis lupus baileyi,com.delicious.Bytecard
571,Galen,Hattrick,ghattrickfu@answers.com,Male,80.168.47.48,Macaca fuscata,com.lycos.Alphazap
572,Hardy,Josefsen,hjosefsenfv@people.com.cn,Non-binary,214.47.185.193,Capra ibex,me.about.Ronstring
573,Bertie,Siddaley,bsiddaleyfw@unc.edu,Female,188.3.0.157,Pelecanus conspicillatus,gov.census.Duobam
574,Pippo,Buddington,pbuddingtonfx@biglobe.ne.jp,Male,78.91.35.165,Vanellus chilensis,com.discovery.Andalax
575,Wilfred,Jacob,wjacobfy@over-blog.com,Male,65.19.60.193,Motacilla aguimp,com.jimdo.Treeflex
576,Marylin,McNulty,mmcnultyfz@mozilla.org,Genderfluid,129.61.69.49,Tayassu tajacu,com.patch.Stringtough
577,Darya,Beadle,dbeadleg0@huffingtonpost.com,Male,55.39.25.238,Cynictis penicillata,com.xinhuanet.Greenlam
578,Marc,Harmour,mharmourg1@soup.io,Female,0.6.91.92,Cercopithecus aethiops,com.cdbaby.Namfix
579,Candra,Caghan,ccaghang2@printfriendly.com,Female,230.41.255.124,Phasianus colchicus,com.surveymonkey.Ronstring
580,Nappy,Starkings,nstarkingsg3@hexun.com,Genderfluid,36.55.136.172,Limnocorax flavirostra,com.cbsnews.Y-Solowarm
581,Barton,Jersh,bjershg4@stumbleupon.com,Female,115.248.247.216,Sarkidornis melanotos,com.ask.Prodder
582,Eda,Rogers,erogersg5@ocn.ne.jp,Female,53.4.176.179,Semnopithecus entellus,com.wunderground.Y-find
583,Billy,Pankethman,bpankethmang6@addtoany.com,Female,192.42.212.82,Ephipplorhynchus senegalensis,com.printfriendly.Holdlamis
584,Evonne,Stoller,estollerg7@smh.com.au,Male,47.22.118.66,Hydrochoerus hydrochaeris,com.nbcnews.Lotstring
585,Chariot,Boagey,cboageyg8@ovh.net,Female,30.135.137.72,Phacochoerus aethiopus,com.dedecms.Ventosanzap
586,Mariya,Bradbeer,mbradbeerg9@histats.com,Female,148.124.42.13,Paroaria gularis,us.icio.Konklab
587,Denice,Muttock,dmuttockga@deviantart.com,Female,106.55.191.212,Cacatua galerita,com.buzzfeed.Temp
588,Berty,Huleatt,bhuleattgb@walmart.com,Female,41.102.160.186,Cacatua galerita,com.live.Aerified
589,Perry,Wanstall,,,111.210.17.29,Ara ararauna,gov.senate.Mat Lam Tam
590,Desdemona,Rosewell,drosewellgd@etsy.com,Male,119.107.208.108,Carduelis uropygialis,com.mediafire.Bigtax
591,Danyette,Rushforth,drushforthge@theglobeandmail.com,Genderqueer,48.169.22.230,Cervus duvauceli,com.engadget.Toughjoyfax
592,Fabiano,Pietrzyk,,,53.139.224.187,Bos taurus,com.pcworld.Wrapsafe
593,Ladonna,Bentson,lbentsongg@weebly.com,Female,37.29.143.1,Eumetopias jubatus,jp.co.amazon.Zaam-Dox
594,Stephen,Cramb,scrambgh@webnode.com,Male,160.130.5.111,Delphinus delphis,com.trellian.Ronstring
595,Delphinia,Beckley,dbeckleygi@exblog.jp,Female,71.197.24.39,Anas platyrhynchos,com.springer.Bitchip
596,Percy,Larwood,,,26.219.213.56,Marmota flaviventris,com.tinypic.Bytecard
597,Sal,Wedlake,swedlakegk@statcounter.com,Female,164.134.94.201,Ara chloroptera,com.go.Biodex
598,Gustave,Sara,gsaragl@wikia.com,Female,18.88.124.116,Tiliqua scincoides,com.twitpic.Pannier
599,Myca,Claffey,,,30.27.237.54,Loris tardigratus,com.bandcamp.Zontrax
600,Grace,Prozescky,gprozesckygn@usa.gov,Female,175.169.109.148,Cebus albifrons,com.bigcartel.Gembucket
601,Alberto,Cramond,acramondgo@sfgate.com,Female,9.198.31.173,Ictalurus furcatus,com.bandcamp.Tampflex
602,Silas,Mesnard,,,240.6.221.20,Sarcophilus harrisii,com.weather.Tempsoft
603,Stacy,Ochterlonie,sochterloniegq@zimbio.com,Male,30.71.240.46,Mazama gouazoubira,com.amazon.Domainer
604,Moise,Averall,maverallgr@yale.edu,Male,74.129.121.207,Ovis orientalis,com.csmonitor.Matsoft
605,Mellie,Lamb-shine,mlambshinegs@hibu.com,Female,60.21.236.145,Numida meleagris,us.imageshack.Tres-Zap
606,Gerrilee,Duigan,gduigangt@biglobe.ne.jp,Male,122.149.180.23,Myrmecobius fasciatus,org.edublogs.Fintone
607,Reinaldos,Schreiner,rschreinergu@nih.gov,Male,142.0.216.45,Tayassu tajacu,com.usnews.Tres-Zap
608,Monti,Paley,mpaleygv@sohu.com,Male,255.6.89.119,Corvus brachyrhynchos,com.studiopress.Asoka
609,Raimondo,Gooly,,,167.38.107.193,Aegypius tracheliotus,com.disqus.Pannier
610,Carla,Usborn,cusborngx@ocn.ne.jp,Female,23.184.254.227,Spizaetus coronatus,jp.i2i.Sub-Ex
611,Rosalind,Delia,rdeliagy@altervista.org,Female,114.135.227.202,Falco peregrinus,com.cdbaby.Lotstring
612,Mart,Bettles,mbettlesgz@washington.edu,Female,122.61.252.96,Grus canadensis,org.opensource.Flexidy
613,Marty,Geratt,mgeratth0@wordpress.com,Female,16.131.195.122,Paroaria gularis,com.mozilla.Asoka
614,Tomkin,Ajean,tajeanh1@springer.com,Female,141.181.61.147,Ctenophorus ornatus,com.time.Lotlux
615,Cornelius,Jozaitis,cjozaitish2@privacy.gov.au,Male,168.230.149.241,Gabianus pacificus,com.photobucket.Y-Solowarm
616,Genvieve,McIlroy,gmcilroyh3@msn.com,Female,56.45.252.208,Chionis alba,com.smugmug.Sub-Ex
617,Sargent,Kroch,skrochh4@unc.edu,Genderfluid,149.167.227.133,Macropus rufogriseus,com.answers.Flowdesk
618,Colene,Robjohns,crobjohnsh5@fda.gov,Male,198.219.232.249,Thalasseus maximus,gov.usda.Bytecard
619,Elton,Thow,ethowh6@un.org,Male,242.19.58.171,Alligator mississippiensis,com.studiopress.Trippledex
620,Peterus,McGlone,pmcgloneh7@github.com,Polygender,146.33.24.127,Toxostoma curvirostre,com.cdbaby.Redhold
621,Ros,Merriton,rmerritonh8@smugmug.com,Male,84.6.133.145,Actophilornis africanus,com.cnn.Bigtax
622,Mark,Eisak,meisakh9@csmonitor.com,Male,25.136.235.103,Sula dactylatra,com.ucoz.Redhold
623,Shelia,Metrick,smetrickha@t.co,Female,199.201.8.193,Dromaeus novaehollandiae,com.huffingtonpost.Zoolab
624,Tim,Rodear,trodearhb@51.la,Female,36.77.199.235,Boa caninus,com.angelfire.Flexidy
625,Melisande,Humbie,mhumbiehc@go.com,Genderfluid,216.230.78.107,Hyaena brunnea,gov.ca.Voyatouch
626,Ardisj,Ricciardi,aricciardihd@rediff.com,Female,92.197.107.226,Aonyx capensis,com.theatlantic.Duobam
627,Janene,Abramsky,jabramskyhe@alexa.com,Female,156.240.183.34,Phylurus milli,com.bizjournals.Zathin
628,Ethelbert,Senn,esennhf@newyorker.com,Female,129.109.147.79,Aegypius tracheliotus,com.amazon.Hatity
629,Milzie,Knewstub,mknewstubhg@paginegialle.it,Male,12.124.40.222,Marmota caligata,com.delicious.Redhold
630,Zacharias,Capelow,zcapelowhh@discuz.net,Female,21.206.108.119,Lamprotornis nitens,ch.admin.Bamity
631,Dee dee,Atty,dattyhi@liveinternet.ru,Male,165.236.23.133,Paroaria gularis,cz.phoca.Bigtax
632,Gradey,Mowson,gmowsonhj@liveinternet.ru,Male,150.13.58.158,Haematopus ater,com.nbcnews.Daltfresh
633,Lani,McCandie,lmccandiehk@theguardian.com,Female,117.243.125.11,Sceloporus magister,com.meetup.Subin
634,Stu,Evitts,sevittshl@yandex.ru,Male,21.126.173.189,Potos flavus,com.mac.Job
635,Vaughn,Lewson,vlewsonhm@google.com.hk,Female,254.91.155.205,Varanus sp.,org.dmoz.Zathin
636,Liza,Ruilton,lruiltonhn@reddit.com,Female,26.166.67.184,Smithopsis crassicaudata,com.vinaora.Konklab
637,Ninon,Rosina,nrosinaho@ezinearticles.com,Male,118.137.162.58,Phylurus milli,com.hibu.Matsoft
638,Gabbey,McMylor,gmcmylorhp@photobucket.com,Male,179.87.144.130,Pelecanus occidentalis,au.gov.privacy.Latlux
639,Karlens,Pablo,kpablohq@hao123.com,Female,139.142.35.95,Ictonyx striatus,com.booking.Job
640,Christa,Dibdall,cdibdallhr@noaa.gov,Male,214.196.252.92,Macropus robustus,com.shinystat.Tin
641,Danny,Lexa,dlexahs@cargocollective.com,Female,123.181.105.30,Meles meles,com.typepad.Temp
642,Arabela,Ference,aferenceht@soundcloud.com,Male,167.149.237.103,Cracticus nigroagularis,pl.home.Biodex
643,Cacilia,Tubbs,ctubbshu@state.tx.us,Male,127.136.78.191,Parus atricapillus,com.cbsnews.Tres-Zap
644,Chick,McNeill,cmcneillhv@eepurl.com,Female,218.157.173.180,Uraeginthus angolensis,com.reverbnation.Tempsoft
645,Lilith,Haliday,lhalidayhw@redcross.org,Male,6.162.50.164,Sarkidornis melanotos,be.youtu.Kanlam
646,Obadias,Brabbins,obrabbinshx@pbs.org,Female,177.166.223.97,Galago crassicaudataus,com.geocities.Sub-Ex
647,Valera,Cannavan,vcannavanhy@tinyurl.com,Male,31.80.209.26,Butorides striatus,vu.de.Zathin
648,Serene,Totterdell,stotterdellhz@hugedomains.com,Female,239.192.79.64,Rana sp.,gov.noaa.Vagram
649,Karney,Pownall,kpownalli0@hatena.ne.jp,Non-binary,122.198.28.222,Francolinus leucoscepus,com.disqus.Gembucket
650,Harlen,Ghelardoni,hghelardonii1@marriott.com,Female,219.230.3.115,Tockus flavirostris,com.cnn.Konklux
651,Ania,Palay,apalayi2@delicious.com,Female,4.179.75.226,Aonyx capensis,de.1und1.Greenlam
652,Hagan,Lindmark,hlindmarki3@last.fm,Genderfluid,125.158.204.62,Gyps bengalensis,com.ask.Stronghold
653,Bucky,Sollett,,,78.103.67.123,Boa caninus,com.163.Zamit
654,Brena,Dawid,bdawidi5@ca.gov,Female,127.125.183.142,Tayassu pecari,com.studiopress.Andalax
655,Daryl,Placstone,dplacstonei6@blog.com,Male,94.87.134.210,unavailable,com.dagondesign.Fix San
656,Casey,Hurry,churryi7@foxnews.com,Female,121.7.178.93,Felis yagouaroundi,com.ning.Voyatouch
657,Blinny,Wasylkiewicz,,,253.31.147.125,Alectura lathami,org.edublogs.Bigtax
658,Constantino,Holsall,cholsalli9@i2i.jp,Male,25.212.150.202,Capreolus capreolus,gov.fda.Bitwolf
659,Petrina,Mecozzi,pmecozziia@ted.com,Male,12.74.10.149,Dasypus novemcinctus,gov.epa.Flexidy
660,Merline,McArt,mmcartib@yolasite.com,Female,204.227.12.12,Platalea leucordia,com.freewebs.Andalax
661,Elisabetta,Bambrugh,ebambrughic@freewebs.com,Female,182.245.23.190,Ara ararauna,edu.columbia.Duobam
662,Janeen,McQuillin,jmcquillinid@theglobeandmail.com,Female,81.184.219.47,Pseudocheirus peregrinus,ru.narod.Matsoft
663,Gifford,Stubbert,gstubbertie@aboutads.info,Male,35.150.193.151,Ramphastos tucanus,com.ning.Zoolab
664,Gilberto,Giraldon,ggiraldonif@bbb.org,Female,40.114.186.163,Nasua nasua,cn.com.people.Konklux
665,Micheil,Geach,mgeachig@jugem.jp,Polygender,155.208.194.18,Ovis canadensis,com.imdb.Tempsoft
666,Joellyn,Hedau,jhedauih@blogtalkradio.com,Female,250.7.46.240,Alectura lathami,gov.senate.Bitwolf
667,Saunderson,Redshaw,sredshawii@yelp.com,Female,202.203.164.145,Ratufa indica,com.1688.Mat Lam Tam
668,Luise,Harvard,lharvardij@smugmug.com,Agender,190.215.156.199,Streptopelia senegalensis,com.flickr.Opela
669,Blondy,Plesing,bplesingik@gnu.org,Male,42.43.197.63,Ovibos moschatus,us.icio.Stronghold
670,Tabbie,Stammers,tstammersil@mtv.com,Female,67.142.76.30,Paroaria gularis,edu.si.Bigtax
671,Gwenora,Kennler,,,30.232.128.248,Acrantophis madagascariensis,com.blog.Quo Lux
672,Pietra,Heather,,,110.18.172.162,Anthropoides paradisea,com.yahoo.Bamity
673,Tarrance,Storkes,tstorkesio@addtoany.com,Male,113.131.104.44,Balearica pavonina,com.wired.Y-Solowarm
674,Fifine,Devenish,fdeveniship@bbb.org,Female,175.146.2.206,Motacilla aguimp,org.gnu.Sonair
675,Jaye,Kalkhoven,jkalkhoveniq@unblog.fr,Male,36.185.226.112,Ovis ammon,com.cbsnews.Stim
676,Jinny,Boom,jboomir@infoseek.co.jp,Female,249.88.122.71,Casmerodius albus,com.zdnet.Viva
677,Claiborn,Kinchley,ckinchleyis@hhs.gov,Male,176.91.209.11,Uraeginthus angolensis,com.reddit.Fintone
678,Land,Ygou,lygouit@ifeng.com,Male,244.185.46.211,Martes pennanti,com.gizmodo.Bytecard
679,Robinet,Phelipeaux,rphelipeauxiu@google.es,Female,147.205.137.244,Macropus fuliginosus,com.quantcast.Lotlux
680,Catarina,Boykett,cboykettiv@surveymonkey.com,Male,242.207.246.89,Microcebus murinus,com.merriam-webster.Transcof
681,Faythe,Shotboult,fshotboultiw@xinhuanet.com,Male,43.153.68.235,Tringa glareola,org.networkadvertising.Job
682,Frederik,Jizhaki,,,141.179.4.198,Ursus americanus,com.eepurl.Solarbreeze
683,Callie,Khalid,ckhalidiy@yahoo.co.jp,Male,92.171.193.80,Amblyrhynchus cristatus,com.cbsnews.Subin
684,Jeromy,Barnham,jbarnhamiz@pen.io,Male,67.252.39.143,Eolophus roseicapillus,com.blogtalkradio.Sub-Ex
685,Krysta,Vasiliu,kvasiliuj0@wordpress.org,Female,47.157.26.210,Phoeniconaias minor,gov.nih.Solarbreeze
686,Keary,Mulran,kmulranj1@wikia.com,Female,73.20.159.149,Dasyurus viverrinus,com.bing.Stringtough
687,Lukas,Brozek,lbrozekj2@foxnews.com,Male,66.201.50.54,Corythornis cristata,com.fc2.Opela
688,Jarad,Baudichon,jbaudichonj3@tmall.com,Female,144.233.72.82,Plegadis ridgwayi,com.netlog.Rank
689,Nora,Gumb,ngumbj4@businesswire.com,Female,88.115.207.164,Eumetopias jubatus,com.aol.Tres-Zap
690,Heath,Fausch,hfauschj5@amazonaws.com,Male,208.51.224.231,Alligator mississippiensis,gov.nps.Regrant
691,Sallyann,Harmer,sharmerj6@surveymonkey.com,Female,243.235.233.104,Canis aureus,com.sciencedaily.Andalax
692,Domenic,Torbett,dtorbettj7@gizmodo.com,Female,133.152.86.186,Bucorvus leadbeateri,com.blogspot.Gembucket
693,Libbie,Pollicott,lpollicottj8@soundcloud.com,Non-binary,137.184.97.79,Sterna paradisaea,jp.i2i.Toughjoyfax
694,Cheslie,Younghusband,cyounghusbandj9@paypal.com,Male,207.162.74.255,Tursiops truncatus,com.yelp.Konklab
695,Sayre,Eastes,seastesja@ezinearticles.com,Female,155.64.173.63,Felis silvestris lybica,com.reddit.Voltsillam
696,Antonio,Nairy,anairyjb@quantcast.com,Male,185.46.15.45,Porphyrio porphyrio,com.yahoo.Holdlamis
697,Carina,Geratasch,cgerataschjc@who.int,Female,198.180.148.169,Varanus salvator,com.dailymotion.Transcof
698,Neall,Killeley,nkilleleyjd@utexas.edu,Non-binary,26.232.91.61,Columba palumbus,com.economist.Quo Lux
699,Griffy,Cawsby,gcawsbyje@netlog.com,Male,11.102.240.210,Streptopelia senegalensis,cn.desdev.Domainer
700,Bennett,Bonds,bbondsjf@eepurl.com,Female,76.21.29.249,Milvago chimachima,jp.japanpost.Asoka
701,Lia,Creeghan,lcreeghanjg@yahoo.com,Genderfluid,155.141.220.240,Bassariscus astutus,cz.mapy.Daltfresh
702,Brannon,Breche,,,142.219.77.181,Dasypus septemcincus,com.discovery.Flexidy
703,Rina,Giorgetti,rgiorgettiji@soup.io,Female,32.108.192.50,Bison bison,edu.psu.Home Ing
704,Krystle,Sully,ksullyjj@japanpost.jp,Male,210.47.184.56,Tachyglossus aculeatus,cz.toplist.Bigtax
705,Waring,Chessill,wchessilljk@hibu.com,Female,105.183.223.40,Felis chaus,ru.mail.Wrapsafe
706,Dunstan,Bardwell,,,104.152.246.103,unavailable,com.sun.Ronstring
707,Conan,Moncey,cmonceyjm@unblog.fr,Male,203.80.205.204,Ictonyx striatus,fr.google.Bigtax
708,Ivonne,Cops,icopsjn@smugmug.com,Female,43.44.144.131,Equus burchelli,com.flickr.Alphazap
709,Nye,Connah,nconnahjo@nymag.com,Female,46.242.106.32,Potorous tridactylus,com.nba.Bitwolf
710,Troy,McMorran,tmcmorranjp@chicagotribune.com,Male,230.218.209.251,Speotyte cuniculata,com.disqus.Fixflex
711,Roxine,Braben,rbrabenjq@arstechnica.com,Male,32.42.249.255,Kobus defassa,fm.last.Span
712,Constantin,Albany,calbanyjr@freewebs.com,Female,98.120.200.66,Felis silvestris lybica,gov.va.Span
713,Dorena,Jelf,djelfjs@newsvine.com,Female,212.148.178.29,Ceryle rudis,com.ted.Alphazap
714,Torey,Thompstone,tthompstonejt@domainmarket.com,Female,70.235.248.161,Paradoxurus hermaphroditus,com.yolasite.Mat Lam Tam
715,Kimberlyn,Alderman,kaldermanju@discuz.net,Female,230.64.170.22,Leptoptilos crumeniferus,com.mediafire.Pannier
716,Sinclair,Huonic,shuonicjv@squarespace.com,Male,205.97.208.141,Geospiza sp.,cn.desdev.Matsoft
717,Bridie,Jellis,bjellisjw@gnu.org,Male,184.102.69.137,Coendou prehensilis,com.oakley.Latlux
718,Van,Gotling,vgotlingjx@buzzfeed.com,Female,37.196.100.147,Redunca redunca,me.flavors.Vagram
719,Angelina,Saurin,asaurinjy@over-blog.com,Male,91.216.28.76,Macropus parryi,com.yolasite.Rank
720,Grenville,Alexandre,galexandrejz@latimes.com,Male,95.249.250.231,Panthera pardus,org.gnu.Subin
721,Yvette,Zannelli,yzannellik0@nymag.com,Female,237.5.225.91,Crocodylus niloticus,com.yahoo.Quo Lux
722,Eadmund,Hanssmann,ehanssmannk1@narod.ru,Female,81.116.218.10,Speotyte cuniculata,org.slashdot.Solarbreeze
723,Olva,Cubbit,ocubbitk2@comcast.net,Male,114.123.22.114,Paradoxurus hermaphroditus,cn.google.Asoka
724,Demetris,Sambrok,dsambrokk3@tuttocitta.it,Female,154.138.238.85,Rhea americana,vu.de.Domainer
725,Reilly,Eberle,reberlek4@mlb.com,Female,166.190.98.197,Egretta thula,jp.ne.biglobe.It
726,Agnola,Manass,amanassk5@skyrock.com,Male,252.210.194.198,Phascolarctos cinereus,com.printfriendly.Treeflex
727,Bettina,Bumphries,bbumphriesk6@illinois.edu,Genderfluid,253.230.139.36,Buteo galapagoensis,com.yolasite.Solarbreeze
728,Susy,Mitchelson,smitchelsonk7@usgs.gov,Female,111.63.65.252,Dolichitus patagonum,org.archive.Konklab
729,Dana,Bloss,dblossk8@blogs.com,Male,192.157.138.174,Canis lupus,edu.princeton.Konklab
730,Burtie,Tattershaw,btattershawk9@bizjournals.com,Male,235.174.77.191,Kobus defassa,com.skype.Fintone
731,Issiah,Robinette,,,110.4.249.114,Ara chloroptera,com.prweb.Sub-Ex
732,Phillip,Pringley,ppringleykb@theglobeandmail.com,Female,211.41.246.79,Perameles nasuta,ru.odnoklassniki.Job
733,Hulda,Farnaby,hfarnabykc@rediff.com,Female,38.175.24.165,Pseudoleistes virescens,ch.admin.Duobam
734,Ania,Molyneaux,amolyneauxkd@dailymotion.com,Male,182.95.143.153,Ursus arctos,com.addthis.Daltfresh
735,Jodee,Saggs,jsaggske@sbwire.com,Female,152.215.148.44,Cordylus giganteus,ru.odnoklassniki.Subin
736,Darice,Bifield,dbifieldkf@google.cn,Male,70.223.235.148,Phalacrocorax niger,org.prlog.Span
737,Valenka,Napoli,vnapolikg@soup.io,Female,67.113.138.143,Acridotheres tristis,org.archive.Matsoft
738,Donella,Cuttelar,dcuttelarkh@aol.com,Male,104.71.187.255,Acrantophis madagascariensis,gov.va.Aerified
739,Zitella,Durand,zdurandki@shinystat.com,Agender,87.37.141.122,Sceloporus magister,com.answers.Subin
740,Minnaminnie,Sercombe,msercombekj@slate.com,Male,130.23.176.66,Pavo cristatus,com.xing.Zontrax
741,Risa,Learoyde,rlearoydekk@nationalgeographic.com,Male,112.231.230.163,Potamochoerus porcus,com.tinypic.Ronstring
742,Rea,Winkless,rwinklesskl@ask.com,Female,112.75.155.203,Nucifraga columbiana,com.bigcartel.Quo Lux
743,Simona,Watkiss,swatkisskm@vinaora.com,Male,175.59.203.122,Eumetopias jubatus,com.alibaba.Pannier
744,Greer,Linklet,glinkletkn@craigslist.org,Female,165.130.41.159,Pseudocheirus peregrinus,com.cbsnews.Transcof
745,Ransell,Birkbeck,rbirkbeckko@time.com,Female,54.224.123.97,Rhea americana,gov.irs.Andalax
746,Norris,Dumbar,ndumbarkp@list-manage.com,Genderfluid,19.33.139.104,Macropus parryi,edu.msu.Greenlam
747,Thia,Roizin,troizinkq@free.fr,Bigender,55.88.52.38,Morelia spilotes variegata,de.spiegel.Fix San
748,Elmo,Dederich,edederichkr@kickstarter.com,Male,200.126.26.140,Spheniscus mendiculus,gov.noaa.Span
749,Ree,McCreery,rmccreeryks@51.la,Male,203.119.164.62,Tachyglossus aculeatus,org.dyndns.Tempsoft
750,Amil,Scollan,ascollankt@baidu.com,Agender,5.160.96.64,Eolophus roseicapillus,com.wiley.Namfix
751,Perren,Houldcroft,phouldcroftku@ow.ly,Male,104.173.82.215,Pelecanus conspicillatus,com.adobe.Fixflex
752,Fletcher,McBrearty,,,46.86.69.70,Carduelis uropygialis,gov.usa.Tin
753,Win,Seiter,wseiterkw@yandex.ru,Female,249.209.183.61,Chionis alba,com.examiner.Lotlux
754,Germana,Whytock,gwhytockkx@posterous.com,Male,22.69.89.113,Xerus sp.,com.bizjournals.Daltfresh
755,Hussein,Vern,hvernky@wufoo.com,Female,250.176.127.139,Platalea leucordia,com.surveymonkey.Zaam-Dox
756,Darcie,Oxford,doxfordkz@theguardian.com,Male,169.147.152.209,Motacilla aguimp,au.com.google.Alpha
757,Tomi,Burberye,,,80.117.59.222,Sterna paradisaea,com.elegantthemes.Bitwolf
758,Janka,Christie,jchristiel1@yelp.com,Male,114.114.145.168,Echimys chrysurus,cn.com.people.Overhold
759,Thorsten,Espy,tespyl2@typepad.com,Male,1.0.166.179,Manouria emys,ru.google.Domainer
760,Ali,Seacombe,aseacombel3@hhs.gov,Female,142.142.117.166,Herpestes javanicus,com.homestead.Tres-Zap
761,Devy,Allot,dallotl4@ebay.co.uk,Female,72.206.31.45,Manouria emys,de.spiegel.Hatity
762,Rania,Test,rtestl5@wufoo.com,Female,135.39.138.88,Dacelo novaeguineae,cn.360.Regrant
763,Norbert,Stickney,nstickneyl6@icio.us,Female,173.250.146.156,Varanus komodensis,com.salon.Alpha
764,Esra,Ledwitch,eledwitchl7@cnet.com,Male,9.251.30.83,Trichosurus vulpecula,com.linkedin.Tresom
765,Babara,Schrader,bschraderl8@etsy.com,Agender,86.72.149.99,Manouria emys,jp.ne.dion.Overhold
766,Georgetta,Puig,,,234.42.237.151,Redunca redunca,org.mozilla.Hatity
767,Jaynell,Lawler,jlawlerla@fotki.com,Male,76.124.230.3,Hippotragus niger,gov.usda.Transcof
768,Mavra,Fruen,mfruenlb@tiny.cc,Male,167.83.145.216,Equus burchelli,com.blinklist.Tin
769,Chic,Anster,cansterlc@si.edu,Agender,27.203.155.95,Pelecanus conspicillatus,com.chronoengine.Greenlam
770,Angus,Ottery,aotteryld@jugem.jp,Male,51.159.39.226,Geochelone elephantopus,com.disqus.Bigtax
771,Willa,Frederick,,,22.157.218.162,Colobus guerza,com.tripod.Holdlamis
772,Reggie,Gimbrett,rgimbrettlf@phoca.cz,Male,29.194.222.65,Plectopterus gambensis,jp.co.rakuten.Cookley
773,Brandy,Gouthier,bgouthierlg@macromedia.com,Female,249.172.101.114,Zonotrichia capensis,com.hibu.Hatity
774,Urban,Spring,uspringlh@dot.gov,Male,132.172.221.81,Philetairus socius,com.examiner.Cookley
775,Karlee,Popescu,kpopesculi@purevolume.com,Polygender,56.18.184.8,Acrantophis madagascariensis,us.imageshack.Lotstring
776,Delia,Moreland,dmorelandlj@fema.gov,Male,85.138.12.116,Gabianus pacificus,com.intel.Sub-Ex
777,Georgiana,Sharvill,,,170.101.230.58,Alcelaphus buselaphus cokii,edu.illinois.Opela
778,Elvira,Drinkel,edrinkelll@wiley.com,Female,165.200.205.78,Thamnolaea cinnmomeiventris,org.dyndns.Hatity
779,Mallory,Stammer,mstammerlm@yellowpages.com,Female,86.49.169.111,Sarcorhamphus papa,com.list-manage.Temp
780,Herby,Geddes,hgeddesln@edublogs.org,Male,246.181.25.50,Eolophus roseicapillus,jp.ne.ocn.Konklab
781,Dale,Collar,dcollarlo@wisc.edu,Female,2.164.147.131,Damaliscus dorcas,net.seesaa.Stronghold
782,Aubrie,Worsnop,aworsnoplp@senate.gov,Male,39.138.169.66,Felis concolor,ca.google.Prodder
783,Mary,Kettle,,,93.44.73.150,Iguana iguana,com.sphinn.Treeflex
784,Pearce,Shenton,pshentonlr@joomla.org,Female,159.225.130.122,Lybius torquatus,com.theguardian.Tresom
785,Jinny,Benthall,,,44.210.67.73,Semnopithecus entellus,gov.irs.Domainer
786,Torre,Simeoni,tsimeonilt@ustream.tv,Male,182.53.66.187,Psophia viridis,com.ycombinator.Bitwolf
787,Herc,Johannesson,hjohannessonlu@harvard.edu,Male,74.74.0.135,Mirounga leonina,com.barnesandnoble.Stronghold
788,Johna,Barends,jbarendslv@lycos.com,Female,190.117.183.191,Mazama gouazoubira,com.microsoft.Bitchip
789,Goldina,Laybourne,glaybournelw@php.net,Male,239.175.32.217,Canis aureus,com.bigcartel.Tresom
790,Lefty,Daviddi,ldaviddilx@cmu.edu,Female,131.220.60.27,Didelphis virginiana,edu.illinois.Zathin
791,Gaston,Parsand,gparsandly@kickstarter.com,Female,69.50.71.19,Sula dactylatra,com.go.Lotstring
792,Zacharias,Linggood,zlinggoodlz@umich.edu,Female,100.169.246.170,unavailable,com.adobe.Sonair
793,Carce,Zarfat,czarfatm0@typepad.com,Male,249.140.42.125,Acridotheres tristis,com.bizjournals.Y-find
794,Lira,Castillou,lcastilloum1@simplemachines.org,Male,41.70.226.178,Alcelaphus buselaphus caama,org.redcross.Konklux
795,Wakefield,Fearney,wfearneym2@liveinternet.ru,Female,232.86.174.175,Varanus salvator,com.spotify.Flowdesk
796,Agnesse,Frye,afryem3@nature.com,Genderfluid,221.36.101.12,Podargus strigoides,edu.psu.Stim
797,Ellissa,Pacht,epachtm4@nationalgeographic.com,Polygender,87.82.213.25,Vulpes cinereoargenteus,com.feedburner.Viva
798,Vernen,Murrhardt,vmurrhardtm5@jugem.jp,Male,238.107.97.98,Bos taurus,com.dailymotion.Tampflex
799,Gloria,Fraanchyonok,gfraanchyonokm6@webs.com,Female,92.198.243.10,Ephipplorhynchus senegalensis,com.kickstarter.Konklab
800,Morie,Skain,mskainm7@wikispaces.com,Male,146.250.166.189,Trichoglossus haematodus moluccanus,com.wunderground.Job
801,Elwira,MacParlan,emacparlanm8@reverbnation.com,Female,212.139.52.6,Delphinus delphis,com.webnode.Stim
802,Clarance,Hellmore,chellmorem9@arizona.edu,Female,65.173.216.9,Leptoptilos crumeniferus,edu.utexas.Y-Solowarm
803,Avram,Vallentin,avallentinma@weibo.com,Female,146.249.229.167,Varanus salvator,com.globo.Regrant
804,Carver,Klimov,cklimovmb@europa.eu,Male,91.66.9.54,Melophus lathami,fr.pagesperso-orange.Cardguard
805,Ritchie,Stafford,rstaffordmc@irs.gov,Female,180.31.144.124,Amphibolurus barbatus,uk.co.123-reg.Zamit
806,Asia,Woolland,awoollandmd@fc2.com,Female,79.32.190.190,Eolophus roseicapillus,com.weibo.Cardify
807,Antonetta,Nordass,anordassme@europa.eu,Female,31.190.19.151,Phalacrocorax niger,com.oakley.Biodex
808,Odele,Cantrill,ocantrillmf@dyndns.org,Female,98.27.92.251,Pituophis melanaleucus,com.meetup.Pannier
809,Linn,Farrens,lfarrensmg@goo.gl,Polygender,192.223.112.78,Varanus sp.,com.weather.Tempsoft
810,Layne,Starford,lstarfordmh@cam.ac.uk,Female,15.43.106.78,Colobus guerza,co.g.Mat Lam Tam
811,Marcellina,Battisson,mbattissonmi@columbia.edu,Bigender,245.43.176.219,Psittacula krameri,com.vinaora.Zoolab
812,Merna,Johananov,mjohananovmj@archive.org,Female,27.131.69.228,Canis aureus,com.wp.Fintone
813,Alvera,Deason,adeasonmk@twitter.com,Male,222.94.74.94,Tachybaptus ruficollis,com.canalblog.Treeflex
814,Pearla,Parlet,pparletml@phpbb.com,Male,226.224.31.176,Macropus rufogriseus,com.hugedomains.Keylex
815,Ronica,Negro,rnegromm@hud.gov,Male,203.213.224.101,Phasianus colchicus,com.biblegateway.Zoolab
816,Lauree,Ginglell,lginglellmn@vimeo.com,Female,214.27.254.133,Mycteria leucocephala,org.dyndns.Holdlamis
817,Ulrica,Stonhewer,,,89.113.15.110,Paradoxurus hermaphroditus,org.slashdot.Gembucket
818,Godard,Shillan,gshillanmp@histats.com,Male,245.237.16.51,Otaria flavescens,cz.mapy.Greenlam
819,Stanfield,Dutch,sdutchmq@sphinn.com,Male,107.85.24.186,Cathartes aura,org.archive.Tempsoft
820,Jaquenetta,Meakin,jmeakinmr@tmall.com,Male,130.52.120.243,Choloepus hoffmani,au.gov.nsw.Zoolab
821,Nestor,Kunrad,nkunradms@google.nl,Male,176.134.154.97,Alcelaphus buselaphus cokii,ca.cbc.Alphazap
822,Jarrod,Valentinuzzi,,,176.65.145.76,Phacochoerus aethiopus,com.sciencedirect.Zaam-Dox
823,Tirrell,Easson,teassonmu@berkeley.edu,Male,60.104.180.25,Limosa haemastica,uk.co.independent.Zontrax
824,Leone,Semorad,lsemoradmv@hc360.com,Genderqueer,70.87.35.100,Alligator mississippiensis,com.reference.Lotstring
825,Keith,Balls,kballsmw@theglobeandmail.com,Female,58.193.69.183,Sula dactylatra,com.xinhuanet.Opela
826,Jonathan,Ditchburn,,,242.108.110.92,Upupa epops,jp.shop-pro.Holdlamis
827,Cecilio,Cornils,ccornilsmy@ftc.gov,Female,167.157.212.83,Gopherus agassizii,com.vinaora.Tampflex
828,Moishe,Jedrzejewicz,mjedrzejewiczmz@ftc.gov,Bigender,247.243.39.109,Platalea leucordia,com.1688.Daltfresh
829,Lynnet,Marlowe,lmarlowen0@google.co.jp,Female,155.86.34.126,Ploceus rubiginosus,gov.epa.Viva
830,Keely,Tidder,ktiddern1@wikipedia.org,Female,186.159.244.183,Macaca mulatta,com.quantcast.Subin
831,Ali,Christie,achristien2@soundcloud.com,Male,188.118.140.73,Bugeranus caruncalatus,com.theguardian.Home Ing
832,Moritz,Deboo,mdeboon3@upenn.edu,Female,155.43.145.112,Perameles nasuta,mil.army.Bigtax
833,Appolonia,Snazle,asnazlen4@ning.com,Male,202.13.236.170,Rangifer tarandus,com.elpais.Konklux
834,Coralie,Ochterlonie,,,202.88.144.163,Panthera leo persica,com.typepad.Regrant
835,Sheba,Duquesnay,sduquesnayn6@1und1.de,Male,192.139.127.219,Chelodina longicollis,cn.com.china.Biodex
836,Tatiania,Meconi,tmeconin7@live.com,Female,68.51.160.130,Ursus americanus,com.cbsnews.Konklab
837,Colet,Stothard,,,168.126.60.240,Numida meleagris,com.elpais.Prodder
838,Josh,Vittet,jvittetn9@google.ca,Female,45.182.240.135,Odocoileus hemionus,br.com.google.Domainer
839,Krissy,Tomkys,ktomkysna@cyberchimps.com,Male,235.184.158.172,Recurvirostra avosetta,com.go.Tempsoft
840,Beth,Basketter,,,193.71.61.237,Carduelis uropygialis,com.cnet.Voyatouch
841,Chaim,Hazley,chazleync@msn.com,Bigender,59.122.206.97,Anathana ellioti,cn.com.china.Opela
842,Kristopher,Whyard,kwhyardnd@baidu.com,Female,163.83.157.75,Bubalus arnee,edu.cornell.Domainer
843,Scott,Carwithan,scarwithanne@plala.or.jp,Agender,198.236.115.230,Phasianus colchicus,com.wunderground.Pannier
844,Audrye,Martschik,amartschiknf@statcounter.com,Male,238.163.238.158,Ara chloroptera,com.foxnews.Treeflex
845,Justen,Barnicott,,,18.39.206.129,Seiurus aurocapillus,com.friendfeed.Biodex
846,Joel,Poletto,jpolettonh@myspace.com,Polygender,109.35.26.62,Junonia genoveua,com.prnewswire.Trippledex
847,Ardelia,Armfield,aarmfieldni@aboutads.info,Female,88.92.196.44,Anthropoides paradisea,gov.fema.Y-find
848,Bernarr,Fantham,bfanthamnj@blogspot.com,Female,162.184.134.108,Mephitis mephitis,com.canalblog.Konklux
849,Cleveland,Coey,ccoeynk@jalbum.net,Male,215.172.154.9,Dusicyon thous,com.moonfruit.Zoolab
850,Gerek,Vaud,gvaudnl@jalbum.net,Female,1.245.37.115,Streptopelia senegalensis,com.typepad.Voltsillam
851,Korrie,Ilden,kildennm@taobao.com,Male,188.58.207.103,Acrantophis madagascariensis,org.unicef.Y-find
852,Red,Marsden,rmarsdennn@telegraph.co.uk,Male,220.28.5.96,Spheniscus magellanicus,com.cnet.Rank
853,Fara,Brearley,fbrearleyno@omniture.com,Female,54.80.251.63,Vulpes chama,edu.berkeley.Span
854,Stearn,Mabbutt,smabbuttnp@wikipedia.org,Male,32.182.101.42,Larus novaehollandiae,com.boston.Sonsing
855,Lane,Silcox,lsilcoxnq@gmpg.org,Bigender,44.254.203.41,Macropus robustus,com.hao123.Stringtough
856,Egbert,Janny,ejannynr@cnbc.com,Male,206.175.20.191,Upupa epops,com.sun.Lotlux
857,Elmira,Patmore,epatmorens@liveinternet.ru,Male,20.122.215.145,Petaurus norfolcensis,edu.princeton.Rank
858,Colette,Witten,cwittennt@indiatimes.com,Female,255.194.213.208,Nannopterum harrisi,ru.yandex.Kanlam
859,Codee,Semark,csemarknu@weibo.com,Genderfluid,151.240.103.70,Coendou prehensilis,com.elegantthemes.Tresom
860,Chancey,Fuentez,cfuenteznv@surveymonkey.com,Male,183.20.30.152,unavailable,ca.google.Job
861,Howie,Krauze,hkrauzenw@google.ca,Female,119.31.129.250,Corvus albicollis,com.spotify.Fix San
862,Elissa,O'Lunney,eolunneynx@sbwire.com,Male,153.79.88.105,Acridotheres tristis,com.multiply.Treeflex
863,Trenton,Bankes,tbankesny@youtube.com,Male,253.63.237.67,Turtur chalcospilos,de.e-recht24.Redhold
864,Adriane,Bidnall,abidnallnz@fda.gov,Genderfluid,26.205.214.16,Ninox superciliaris,int.who.Domainer
865,Ellen,Kyberd,ekyberdo0@webeden.co.uk,Female,96.244.59.59,Oncorhynchus nerka,jp.shop-pro.Otcom
866,Patricio,Teffrey,,,181.243.8.241,Sarkidornis melanotos,com.squarespace.Treeflex
867,Juan,Prinnett,jprinnetto2@nytimes.com,Female,69.3.22.134,Psophia viridis,org.dyndns.Kanlam
868,Patience,Blasius,pblasiuso3@ustream.tv,Non-binary,228.156.227.240,Pavo cristatus,com.acquirethisname.Voltsillam
869,Appolonia,Copcott,acopcotto4@ft.com,Female,212.18.126.26,Mazama americana,com.weebly.Stringtough
870,Alyson,Banaszewski,abanaszewskio5@mac.com,Genderfluid,42.150.72.83,Raphicerus campestris,com.chronoengine.It
871,Christean,Kilborn,ckilborno6@nsw.gov.au,Female,172.5.201.184,Lycaon pictus,com.engadget.Lotlux
872,Pancho,Prisk,pprisko7@blogtalkradio.com,Male,52.89.186.12,Anitibyx armatus,ru.narod.Stronghold
873,Odey,Leavens,,,105.250.51.193,Suricata suricatta,com.fotki.Y-find
874,Major,Spilsted,mspilstedo9@t.co,Non-binary,35.182.186.196,Macaca mulatta,edu.washington.Fintone
875,Terence,Ibarra,tibarraoa@google.nl,Female,98.236.210.79,Mustela nigripes,com.microsoft.Bitchip
876,Redford,Hinkes,rhinkesob@webeden.co.uk,Female,29.11.22.48,Merops nubicus,com.globo.Hatity
877,Raddie,Shoreson,rshoresonoc@fastcompany.com,Male,134.64.85.152,Bettongia penicillata,com.booking.Aerified
878,Laurie,Francescuzzi,lfrancescuzziod@army.mil,Male,240.165.87.19,Colaptes campestroides,org.wikipedia.Hatity
879,Madella,Bowne,mbowneoe@netvibes.com,Female,148.249.44.131,Choloepus hoffmani,gov.epa.Asoka
880,Ashbey,Corking,acorkingof@goo.ne.jp,Non-binary,242.43.8.25,Lama glama,net.a8.Duobam
881,Shellysheldon,Goacher,sgoacherog@stumbleupon.com,Female,87.109.46.7,Cercatetus concinnus,com.parallels.Flexidy
882,Ashil,Thompson,athompsonoh@is.gd,Female,30.31.182.251,Canis aureus,com.baidu.Bytecard
883,Bernardo,Stringman,bstringmanoi@youtube.com,Male,184.88.44.77,Sula nebouxii,com.skype.Tampflex
884,Faustina,Boise,fboiseoj@unc.edu,Male,80.36.244.171,Xerus sp.,edu.umich.Stringtough
885,Teresita,O'Crevan,tocrevanok@so-net.ne.jp,Female,51.56.9.71,Butorides striatus,com.technorati.Y-find
886,Kailey,Nelius,kneliusol@bizjournals.com,Female,239.85.192.192,Vanessa indica,cn.desdev.Kanlam
887,Irv,Adriaan,iadriaanom@unc.edu,Male,39.14.116.219,Oreotragus oreotragus,com.ihg.Wrapsafe
888,Blithe,Gookes,bgookeson@blogtalkradio.com,Bigender,44.170.60.146,Pytilia melba,uk.co.google.Stim
889,Felicle,Hortop,fhortopoo@economist.com,Male,62.57.137.57,Spermophilus armatus,com.deliciousdays.Quo Lux
890,Gianina,Tweede,gtweedeop@github.io,Genderfluid,236.136.4.246,Alopex lagopus,jp.ameblo.Daltfresh
891,Taylor,Lewer,tleweroq@howstuffworks.com,Male,189.112.82.118,Ramphastos tucanus,com.hp.Subin
892,Fulton,Ingray,fingrayor@comsenz.com,Female,219.201.199.84,Choloepus hoffmani,com.icq.Flexidy
893,Isaiah,Helliar,,,60.241.68.96,Camelus dromedarius,net.slideshare.Stim
894,Glen,Ryton,grytonot@usa.gov,Female,215.79.177.28,Phoenicopterus ruber,gov.usa.Zamit
895,Keeley,Godsal,kgodsalou@thetimes.co.uk,Male,148.11.25.52,Oryx gazella,org.mozilla.Bamity
896,Meir,Sainter,msainterov@reference.com,Female,12.214.223.152,unavailable,com.instagram.Voltsillam
897,Gail,Clampe,gclampeow@marketwatch.com,Genderfluid,234.249.38.231,Spermophilus parryii,com.sbwire.Zaam-Dox
898,Hetti,Gabbetis,hgabbetisox@livejournal.com,Male,240.172.16.149,Loxodonta africana,net.comcast.Konklux
899,Selle,Planks,splanksoy@istockphoto.com,Male,150.184.124.113,Ovis musimon,gov.loc.Treeflex
900,Cinderella,Vokins,cvokinsoz@google.it,Male,9.223.70.177,Boa caninus,com.kickstarter.Wrapsafe
901,Ethe,Howison,ehowisonp0@ustream.tv,Male,199.183.166.161,Thamnolaea cinnmomeiventris,com.bluehost.Stringtough
902,Sumner,Alwell,salwellp1@mac.com,Female,191.168.2.137,Limnocorax flavirostra,com.over-blog.Tampflex
903,Mirabella,Normanville,mnormanvillep2@etsy.com,Male,142.95.83.184,Thamnolaea cinnmomeiventris,com.myspace.Stronghold
904,Osborn,Whittock,owhittockp3@joomla.org,Female,215.171.40.237,Caiman crocodilus,com.intel.Keylex
905,Olin,Heindl,oheindlp4@hibu.com,Male,108.123.188.65,Equus hemionus,com.devhub.Y-find
906,Merralee,Kob,mkobp5@tumblr.com,Female,193.113.88.255,Ara macao,com.hugedomains.Domainer
907,Dulsea,Ackhurst,dackhurstp6@netvibes.com,Male,36.232.241.180,Eolophus roseicapillus,com.blogger.Bamity
908,Brianne,Growden,bgrowdenp7@yahoo.co.jp,Male,61.77.126.67,Nesomimus trifasciatus,com.time.Job
909,Westleigh,Culverhouse,wculverhousep8@harvard.edu,Male,185.66.112.94,Cyrtodactylus louisiadensis,com.slate.Tresom
910,Darby,Bebis,dbebisp9@a8.net,Male,158.151.194.92,Dasyprocta leporina,com.disqus.Zathin
911,Stacia,Mix,smixpa@comsenz.com,Male,181.8.189.166,Felis concolor,cz.phoca.Hatity
912,Natalee,Soldan,nsoldanpb@ucoz.ru,Female,250.164.118.40,Acridotheres tristis,com.newsvine.Viva
913,Arvie,Wickstead,awicksteadpc@theatlantic.com,Female,179.252.78.143,Oxybelis fulgidus,gov.hhs.Zoolab
914,Sarita,Collelton,scolleltonpd@bloglines.com,Female,150.148.90.140,Phalacrocorax brasilianus,com.wufoo.Wrapsafe
915,Merrily,Saura,msaurape@comsenz.com,Agender,50.87.156.225,Genetta genetta,com.printfriendly.Keylex
916,Terencio,Brosch,tbroschpf@desdev.cn,Agender,170.253.57.127,Eubalaena australis,org.pbs.Quo Lux
917,Eimile,Snowman,esnowmanpg@nsw.gov.au,Male,146.216.165.152,Haematopus ater,com.yellowbook.Veribet
918,Katine,Krink,kkrinkph@etsy.com,Female,29.185.250.45,Mycteria ibis,com.intel.Andalax
919,Guinna,Hadaway,ghadawaypi@cornell.edu,Male,189.95.22.36,Haliaeetus leucoryphus,com.theglobeandmail.Solarbreeze
920,Enrika,Litchfield,,,106.221.227.103,Himantopus himantopus,us.imageshack.Holdlamis
921,Teodorico,Giannazzi,tgiannazzipk@google.nl,Female,69.233.28.137,Chelodina longicollis,cz.mapy.Namfix
922,Thedric,Claworth,tclaworthpl@purevolume.com,Female,45.183.86.100,Megaderma spasma,com.reuters.Stim
923,Doyle,Cohrs,dcohrspm@photobucket.com,Male,249.81.19.49,Lamprotornis chalybaeus,edu.psu.Prodder
924,Errick,Jarrad,ejarradpn@1688.com,Female,87.225.32.19,Sarkidornis melanotos,com.linkedin.Y-find
925,Kattie,Bittlestone,kbittlestonepo@bbc.co.uk,Male,1.210.244.205,Milvus migrans,com.live.Vagram
926,Calley,Androck,candrockpp@nationalgeographic.com,Male,64.66.218.117,Canis mesomelas,edu.berkeley.Lotlux
927,Kristopher,Leithgoe,kleithgoepq@mail.ru,Female,24.239.206.188,Paraxerus cepapi,com.mysql.Fintone
928,Kendrick,Degue,kdeguepr@cbslocal.com,Female,24.63.52.97,Zosterops pallidus,cn.gov.miibeian.Konklux
929,Darrell,Paulich,dpaulichps@europa.eu,Male,59.187.96.21,Ciconia ciconia,com.taobao.Y-Solowarm
930,Renado,Oxbury,roxburypt@uol.com.br,Female,97.170.18.101,Corvus brachyrhynchos,org.craigslist.Mat Lam Tam
931,Gwenette,Sergison,gsergisonpu@deviantart.com,Genderqueer,140.188.176.160,Sauromalus obesus,de.1und1.Subin
932,Meggie,Lyman,mlymanpv@house.gov,Female,2.239.176.57,Equus hemionus,com.naver.Zaam-Dox
933,Hugo,Gawkes,hgawkespw@merriam-webster.com,Female,47.176.23.226,Alces alces,com.amazon.Cardguard
934,Niccolo,Benkin,,,151.41.4.163,Callipepla gambelii,edu.wisc.Treeflex
935,Frances,Phizakarley,fphizakarleypy@thetimes.co.uk,Male,118.21.0.98,Macaca mulatta,ru.narod.Treeflex
936,Petra,Evelyn,pevelynpz@bloglovin.com,Female,163.9.62.98,Cervus canadensis,us.icio.Domainer
937,Dorisa,Torresi,dtorresiq0@yolasite.com,Female,125.111.48.68,Cervus unicolor,com.zdnet.Otcom
938,Damaris,Hobbert,dhobbertq1@eventbrite.com,Male,112.101.116.135,Dromaeus novaehollandiae,edu.umn.Cardguard
939,Turner,Dreinan,tdreinanq2@jigsy.com,Male,176.133.199.7,Francolinus leucoscepus,com.flickr.Zaam-Dox
940,Guillemette,Witherbed,gwitherbedq3@techcrunch.com,Female,54.109.222.108,Tachybaptus ruficollis,org.gmpg.Stringtough
941,Wenona,Penrose,wpenroseq4@cdc.gov,Male,73.65.191.157,Sylvicapra grimma,int.who.Konklab
942,Axe,Dewsbury,,,130.202.21.127,Mycteria leucocephala,com.huffingtonpost.Redhold
943,Rollie,Bounde,rboundeq6@baidu.com,Female,65.178.78.174,Centrocercus urophasianus,org.gmpg.Home Ing
944,Dorotea,Amyes,damyesq7@posterous.com,Female,91.124.69.123,Thalasseus maximus,com.wp.Keylex
945,Gianna,Scotter,gscotterq8@java.com,Male,79.182.180.157,Felis serval,gov.va.Mat Lam Tam
946,Amie,Domelaw,adomelawq9@shutterfly.com,Male,14.138.119.54,Pelecanus occidentalis,com.mozilla.Fix San
947,Shannan,Karlqvist,skarlqvistqa@rakuten.co.jp,Polygender,158.87.128.199,Zenaida asiatica,ch.admin.Konklux
948,Sibyl,Petric,,,58.111.112.134,Nannopterum harrisi,com.discovery.Stronghold
949,Frayda,Lippitt,flippittqc@marriott.com,Female,129.10.35.82,Delphinus delphis,com.twitter.Prodder
950,Wilt,Clapston,wclapstonqd@sakura.ne.jp,Female,50.98.123.92,Dendrocitta vagabunda,com.oakley.Home Ing
951,Deirdre,Doerr,ddoerrqe@vimeo.com,Female,202.194.40.217,Larus dominicanus,co.t.Sub-Ex
952,Adele,Nijssen,anijssenqf@github.com,Male,231.244.241.236,Gymnorhina tibicen,com.elegantthemes.Flexidy
953,Anica,Brosel,abroselqg@marriott.com,Female,241.68.0.225,Chlidonias leucopterus,org.w3.Latlux
954,Clari,Toulmin,ctoulminqh@digg.com,Non-binary,24.184.91.229,Ara ararauna,ru.odnoklassniki.Daltfresh
955,Grayce,Vasilischev,gvasilischevqi@phoca.cz,Female,43.46.0.175,Petaurus breviceps,com.amazonaws.Zamit
956,Audrye,Balam,abalamqj@smugmug.com,Female,223.88.47.151,Vombatus ursinus,de.spiegel.Bitchip
957,Hyman,Lowy,hlowyqk@dagondesign.com,Female,14.25.86.216,Boselaphus tragocamelus,com.hao123.Holdlamis
958,Joyann,Beverley,jbeverleyql@ifeng.com,Male,105.162.227.111,Ovis canadensis,gov.state.Toughjoyfax
959,Vi,Crake,,,96.122.58.250,Fulica cristata,edu.washington.Sonsing
960,Danit,Rawlcliffe,drawlcliffeqn@aol.com,Female,250.223.207.53,Upupa epops,com.surveymonkey.Fix San
961,Sybila,Goodsal,sgoodsalqo@bravesites.com,Male,67.123.254.63,Neophoca cinerea,com.ezinearticles.Lotstring
962,Tiebout,Oriel,torielqp@amazon.co.jp,Male,157.20.16.145,Rana sp.,com.wufoo.Biodex
963,Ewart,Fancet,,,252.130.8.87,Gyps bengalensis,com.springer.Fintone
964,Austine,Jeanet,,,212.89.114.136,Canis lupus,com.godaddy.Tres-Zap
965,Gizela,Parsall,gparsallqs@buzzfeed.com,Female,88.198.240.69,Butorides striatus,com.kickstarter.Y-Solowarm
966,Bliss,Ipsley,,,127.63.249.185,Castor canadensis,com.alexa.Fixflex
967,Jonathan,Feeny,,,72.8.234.149,Egretta thula,us.icio.Bamity
968,Lem,Christy,lchristyqv@hibu.com,Female,211.232.121.133,Phascogale tapoatafa,com.networksolutions.Andalax
969,Marius,Kilshaw,mkilshawqw@behance.net,Male,83.138.67.139,Sciurus niger,cz.toplist.Stronghold
970,Reg,Roff,rroffqx@comsenz.com,Female,109.120.55.12,Chauna torquata,ru.mail.Bytecard
971,Ava,Pickthorne,apickthorneqy@cisco.com,Male,87.202.249.88,Damaliscus lunatus,com.usnews.Tampflex
972,Brigida,Luckett,bluckettqz@newyorker.com,Female,212.90.91.220,Panthera leo persica,gov.usa.Fixflex
973,Ana,Albisser,aalbisserr0@bbc.co.uk,Female,36.132.230.29,Propithecus verreauxi,net.behance.Trippledex
974,Lay,Grimsdike,lgrimsdiker1@wsj.com,Female,45.39.214.22,Felis concolor,com.netscape.Lotlux
975,Vassily,Flett,vflettr2@si.edu,Male,237.236.153.138,Pytilia melba,com.latimes.Ronstring
976,Lanette,Benjefield,,,197.14.133.230,Buteo jamaicensis,com.vk.Duobam
977,Terri,Faithfull,tfaithfullr4@tamu.edu,Male,203.199.154.182,Phoeniconaias minor,com.fastcompany.Fix San
978,Jobyna,Sanbroke,jsanbroker5@weather.com,Male,3.232.240.166,Bassariscus astutus,uk.co.telegraph.Holdlamis
979,Osbourne,Cromar,ocromarr6@google.ru,Female,174.1.225.153,Cynomys ludovicianus,ca.cbc.Tampflex
980,Cleavland,Rosenberg,crosenbergr7@technorati.com,Female,135.53.46.76,Dendrocitta vagabunda,edu.berkeley.Alpha
981,Aggie,Cabell,acabellr8@mashable.com,Bigender,57.139.124.112,Sula dactylatra,io.github.Sub-Ex
982,Sibel,Knightsbridge,,,168.29.98.127,Prionace glauca,com.bloglovin.Matsoft
983,Jarad,O'Sherrin,josherrinra@globo.com,Female,215.50.178.178,Eremophila alpestris,com.vistaprint.Aerified
984,Linoel,Azemar,lazemarrb@photobucket.com,Female,191.5.157.87,Toxostoma curvirostre,uk.ac.ox.Cardify
985,Gram,Bohler,gbohlerrc@last.fm,Female,70.50.218.93,Hippotragus niger,gov.house.Konklux
986,Felice,Kleuer,fkleuerrd@desdev.cn,Female,145.74.78.127,Ceryle rudis,com.cafepress.Temp
987,Doralyn,Peare,,,176.0.229.231,Laniaurius atrococcineus,uk.co.webeden.Span
988,Iosep,O'Hanlon,iohanlonrf@people.com.cn,Female,56.135.10.122,Procyon lotor,org.edublogs.Stringtough
989,Creighton,Chatwin,cchatwinrg@nationalgeographic.com,Female,95.207.186.218,Larus fuliginosus,pl.home.Sonair
990,Helaina,Sturman,hsturmanrh@desdev.cn,Female,9.35.203.30,Gyps bengalensis,com.usatoday.Span
991,Buiron,Hillam,bhillamri@marketwatch.com,Male,26.1.41.63,Capreolus capreolus,com.nba.Prodder
992,Sandy,Kuschel,,,252.112.177.82,Upupa epops,jp.ne.dion.Aerified
993,Marsiella,Chalder,mchalderrk@npr.org,Female,137.94.87.174,Pycnonotus nigricans,com.quantcast.Domainer
994,Quillan,Oakenfall,,,159.165.226.94,Felis libyca,com.ebay.Rank
995,Anny,de Banke,adebankerm@xinhuanet.com,Male,20.38.252.36,Bubalus arnee,jp.co.amazon.Bitwolf
996,Ulberto,Lingner,ulingnerrn@icq.com,Female,119.57.166.101,Pavo cristatus,com.spotify.Zamit
997,Pattie,Itzkovwich,pitzkovwichro@oracle.com,Female,188.154.87.242,Buteo regalis,edu.yale.Vagram
998,Tyrone,Labern,tlabernrp@hibu.com,Male,54.62.246.166,Taxidea taxus,com.forbes.Stim
999,Lefty,Pidcock,,,28.201.198.4,Tauraco porphyrelophus,org.craigslist.Asoka
1000,Dickie,Mournian,dmournianrr@webeden.co.uk,Male,78.83.18.36,Tachybaptus ruficollis,com.sbwire.Stim
